name,contact,address,social_media_accounts,website_available,website_link,business_contact_page,phone_number,email_id,google_rating,review_count,source_query
Jardin,+92 322 2527346,"Plot # 36-C, Ittehad Lane 6, Khayaban-e-Ghazi, D.H.A Phase 6 Ittehad Commercial Area Phase 6 Defence Housing Authority, Karachi, 75500, Pakistan","https://www.facebook.com/Jardinkarachi, https://www.facebook.com/Jardinkarachi/, https://www.instagram.com/jardinkarachi/",Yes,https://www.jardin.pk/,https://www.jardin.pk/menu,+92 322 2527346,"Jardin.restaurant1@gmail.com, core-js-bundle@3.2.1, focus-within-polyfill@5.0.9, intl-segmenter@11.7.10, lodash@4.17.23, react-dom@18.3.1, react@18.3.1, rspack@1.6.8",,2723,"Restaurants Karachi, Pakistan"
Clock Tower - The Food Bazaar,+92 300 1112873,"Plot 3b Abdul Sattar Edhi Ave, Phase 6 Defence Housing Authority, Karachi, 75500, Pakistan",,Yes,http://www.clocktower.com.pk/,,+92 300 1112873,,,11631,"Restaurants Karachi, Pakistan"
Big Tree House,+92 300 8870999,"Bungalow No.76 Hatim Alvi Road, Old Clifton Rd, Karachi, Defence V Karachi, 75500, Pakistan","https://www.facebook.com/b.treehouse/, https://www.instagram.com/bigtreehousekarachi/?hl=en",Yes,https://bigtreehouse.co/?fbclid=IwAR2n5UCe8g9R22HsfoMKrtORbUePWKYdw9Q_flSAbjM1sWbiQXYTK6hxXuI,https://bigtreehouse.co/about/,+92 300 8870999,shahbazrightz1996@gmail.com,,2701,"Restaurants Karachi, Pakistan"
Nawab's Dynasty Restaurant,+92 300 2733343,"Plot-1C, lane- 1, Zamzama Commercial Area Defence V DHA, Karachi, Karachi, 75500, Pakistan",https://www.facebook.com/pg/nawabsdynasty/photos/?tab=album&album_id=1781864915443310,Yes,https://nawabsdynasty.pk/,,+92 300 2733343,perkash.vinod@gmail.com,,1982,"Restaurants Karachi, Pakistan"
Ala Rahi,+92 311 1875875,"19-C Ln 4, D.H.A Phase 6 Shahbaz Commercial Area Phase 6 Defence, Karachi, 75500, Pakistan","https://www.facebook.com/foodpanda.pk/, https://www.instagram.com/foodpanda_pakistan/",Yes,https://www.foodpanda.pk/food-ordering?c=pk&s=s&vc=nu76&adj_t=1naixy2v_1nsybtos&adj_campaign=google_reserve_place_order_action_CH-SEO_&adj_deep_link=foodpanda%3A%2F%2F%3Fc%3Dpk%26s%3Ds%26vc%3Dnu76&adj_fallback=https://foodpanda.pk/restaurant/nu76/ala-rahi?utm_campaign=google_reserve_place_order_action_CH-SEO_&adj_redirect_macos=https://foodpanda.pk/restaurant/nu76/ala-rahi?utm_campaign=google_reserve_place_order_action_CH-SEO_,https://www.foodpanda.pk/food-ordering?c=pk&s=s&vc=nu76&adj_t=1naixy2v_1nsybtos&adj_campaign=google_reserve_place_order_action_CH-SEO_&adj_deep_link=foodpanda%3A%2F%2F%3Fc%3Dpk%26s%3Ds%26vc%3Dnu76&adj_fallback=https://foodpanda.pk/restaurant/nu76/ala-rahi?utm_campaign=google_reserve_place_order_action_CH-SEO_&adj_redirect_macos=https://foodpanda.pk/restaurant/nu76/ala-rahi?utm_campaign=google_reserve_place_order_action_CH-SEO_#main-content,+92 311 1875875,"20Appetit@2x.png, corporate@foodpanda.pk, help@sgroup.com, help@sgroup.com., support@foodora.no, u002FfdAPAC_header_img@3x.png, u002Fillustration_allowance@2x.png, u002Fillustration_later_allowance@2x.png, u002Fillustration_used_allowance@2x.png",,5869,"Restaurants Karachi, Pakistan"
rowtisserie,+92 21 111 769 769,"8-C 14th St, off Khayaban-e-Shamsheer, DHA Phase 5 Stadium Commercial Area Defence V Defence Housing Authority, Karachi, 75500, Pakistan","https://www.facebook.com/foodpanda.pk/, https://www.instagram.com/foodpanda_pakistan/",Yes,https://foodpanda.pk/restaurant/s3un/rowtisserie?utm_source=google&utm_medium=organic&utm_campaign=google_reserve_place_order_action,https://foodpanda.pk/restaurant/s3un/rowtisserie?utm_source=google&utm_medium=organic&utm_campaign=google_reserve_place_order_action#main-content,+92 21 111 769 769,"20Appetit@2x.png, corporate@foodpanda.pk, help@sgroup.com, help@sgroup.com., support@foodora.no, u002FfdAPAC_header_img@3x.png, u002Fillustration_allowance@2x.png, u002Fillustration_later_allowance@2x.png, u002Fillustration_used_allowance@2x.png",,1014,"Restaurants Karachi, Pakistan"
Cafe Aylanto,+92 307 2952686,"R23J+MG2, D 141, Block 4 Clifton, Karachi, 74600, Pakistan","https://www.facebook.com/foodpanda.pk/, https://www.instagram.com/foodpanda_pakistan/",Yes,https://foodpanda.pk/restaurant/s1ff/cafe-aylanto?utm_source=google&utm_medium=organic&utm_campaign=google_reserve_place_order_action,,+92 307 2952686,"20Appetit@2x.png, corporate@foodpanda.pk, help@sgroup.com, help@sgroup.com., support@foodora.no, u002FfdAPAC_header_img@3x.png, u002Fillustration_allowance@2x.png, u002Fillustration_later_allowance@2x.png, u002Fillustration_used_allowance@2x.png",,4516,"Restaurants Karachi, Pakistan"
Coconut Grove,+92 305 7774444,"Plot #36, Block 7/8, Modern Cooperative Housing Society, Main Tipu Sultan Rd, Jinnah Housing Society Karachi, 75350, Pakistan",https://www.facebook.com/onlinemenupk,Yes,https://onlinemenu.pk/coconut-grove-menu/,https://onlinemenu.pk/coconut-grove-menu/#content,+92 305 7774444,,,5316,"Restaurants Karachi, Pakistan"
LalQila Restaurant Karachi,+92 21 111 525 745,"10/A, M.A.C.H.S، Main Shahra-e-Faisal, Mohammad Ali Society Muhammad Ali Chs (Machs), Karachi, 75350, Pakistan",,Yes,http://lalqila.com/karachi/reservation/,,+92 21 111 525 745,,,31417,"Restaurants Karachi, Pakistan"
The East End,+92 321 2468246,"Plot CC، 2 Khaliq-uz-Zaman Rd, behind Eid Ghaa, Block 8 Park Clifton،, Karachi, 75600, Pakistan",https://www.facebook.com/the.east.end.karachi,Yes,http://t.ly/9IVy,,+92 321 2468246,,,1199,"Restaurants Karachi, Pakistan"
Siroc,+92 315 2960838,"C33, E St, Block 4 Clifton, Karachi, 75300, Pakistan","https://www.facebook.com/siroc.restaurant/, https://www.instagram.com/sirocpk/?hl=en",Yes,https://www.sirocpk.com/,https://www.sirocpk.com/,+92 315 2960838,info@sirocpk.com,,1168,"Restaurants Karachi, Pakistan"
Kanteen,+92 21 35185002,"Dolmen Mall, Block 4 Clifton, Karachi, 75600, Pakistan",,No,,,+92 21 35185002,,,2857,"Restaurants Karachi, Pakistan"
Loco,+92 304 2694094,"14c 10th Commercial Ln, Zamzama Commercial Area Defence V Karachi, 75500, Pakistan",https://m.facebook.com/locokhi/,No,,,+92 304 2694094,,,705,"Restaurants Karachi, Pakistan"
CNS - Chinese Restaurant,+92 335 5111267,"30/C Stadium Commercial Lane 3 Of, Khayaban-e-Shamsheer, DHA Phase 5 Stadium Commercial Area Defence V Defence Housing Authority, Karachi, 75500, Pakistan","https://facebook.com/pg/CNSRestaurant/menu/, https://www.facebook.com/brand/resources/whatsapp/whatsapp-brand, https://www.facebook.com/profile.php?id=100064758844406, https://www.instagram.com/whatsapp/?hl=en, https://www.youtube.com/channel/UCAuerig2N-RZWJT8x75V9yw, https://x.com/whatsapp",Yes,https://wa.link/fcia99,,+92 335 5111267,,,762,"Restaurants Karachi, Pakistan"
Rajdhani Delights,+92 21 35810630,"2, Sasi Arcade, Khayaban-e-Iqbal Rd, Zone A - Block 7 Zone A Block 7 Clifton, Karachi, 75500, Pakistan",,Yes,https://order.rajdhani.com.pk/,https://order.rajdhani.com.pk/,+92 21 35810630,info@rajdhani.com.pk,,3047,"Restaurants Karachi, Pakistan"
Mandi House,+92 331 0222233,"Shaheed-e-Millat Rd, Delhi Mercantile Society P.E.C.H.S., Karachi, 75400, Pakistan",,Yes,https://mandihouse.pk/,,+92 331 0222233,mandihouseofficial@gmail.com,,10202,"Restaurants Karachi, Pakistan"
The Patio Restaurant,+92 300 8291936,"F-50/1 D St, Block 4 Clifton, Karachi, 75500, Pakistan",,Yes,https://thepatio.com.pk/,,+92 300 8291936,admin@thepatio.com.pk,,1174,"Restaurants Karachi, Pakistan"
Boat Basin,+92 21 35364444,"Boat Basin Food Street, SC-6 Bank Rd, Block 5 Clifton, Karachi, 75600, Pakistan","https://twitter.com/boatbasinpk/, https://www.facebook.com/boatbasin, https://www.instagram.com/boatbasinkarachi/, https://www.linkedin.com/company/boatbasin/, https://www.youtube.com/channel/UCb1Q6xzaKaxN98a7oLdAARw",Yes,https://boatbasin.pk/,https://boatbasin.pk/about-us/,+92 21 35364444,"boatbasinofficial@gmail.com, contact@boatbasin.pk, info@boatbasin.pk",,15254,"Restaurants Karachi, Pakistan"
Xander's Clifton,+92 21 35293653,"C32, E St, Block 4 Clifton, Karachi, 75500, Pakistan",,Yes,https://xanders.pk/order/,,+92 21 35293653,,,5282,"Restaurants Karachi, Pakistan"
Foods Inn,+92 21 38899998,"Plot # 21-22, Allama I. I. Qazi Chowk, Block A Sindhi Muslim CHS (SMCHS), Karachi, 75500, Pakistan",,Yes,https://foodpanda.pk/restaurant/s5nn/foods-inn-smchs?utm_source=google&utm_medium=organic&utm_campaign=google_reserve_place_order_action,,+92 21 38899998,,,12264,"Restaurants Karachi, Pakistan"
Kabab-Ji Lebanese Restaurant,+92 21 35633333,"Movenpick Hotel, Club Rd, Civil Lines, Karachi, Pakistan",,No,,,+92 21 35633333,,,1634,"Restaurants Karachi, Pakistan"
Mirchili @ Clifton,+92 300 8150831,"Zone C - Block 7 Zone C Block 7 Clifton, Karachi, 75600, Pakistan",,Yes,https://www.foodpanda.pk/food-ordering?c=pk&s=s&vc=bcjl&adj_t=1naixy2v_1nsybtos&adj_campaign=google_reserve_place_order_action_CH-SEO_&adj_deep_link=foodpanda%3A%2F%2F%3Fc%3Dpk%26s%3Ds%26vc%3Dbcjl&adj_fallback=https://foodpanda.pk/restaurant/bcjl/mirchili-clifton?utm_campaign=google_reserve_place_order_action_CH-SEO_&adj_redirect_macos=https://foodpanda.pk/restaurant/bcjl/mirchili-clifton?utm_campaign=google_reserve_place_order_action_CH-SEO_,,+92 300 8150831,,,4561,"Restaurants Karachi, Pakistan"
Karachi Foods,+92 21 111 536 637,"Plot 12A, Al Rasheed Chamber, Shahra-e-Faisal, Block 6 P.E.C.H.S., Karachi, 75400, Pakistan",https://www.facebook.com/KarachiFoodsOfficial/menu/,Yes,http://www.karachifoods.pk/,,+92 21 111 536 637,khihaleem@gmail.com,,7476,"Restaurants Karachi, Pakistan"
Alaska Restaurant,+92 311 0044441,"Bungalow No. F-65, K.D.A. Scheme, 5, Clifton, Block 4 Clifton, Karachi, 75600, Pakistan",https://www.facebook.com/alaskarestaurantpk/menu,No,,,+92 311 0044441,,,1086,"Restaurants Karachi, Pakistan"
Daily Dubai Restaurant,+92 21 111 111 337,"57-C 10th Badar Commercial Street, DHA Phase 5 Badar Commercial Area Defence V Defence Housing Authority, Karachi, 75500, Pakistan",,Yes,https://dailydubairestaurant.com/,,+92 21 111 111 337,dailydubai@gmail.com,,4442,"Restaurants Karachi, Pakistan"
New Zahid Restaurant,+92 301 2636546,"Tariq Rd, Block 2 P.E.C.H.S., Karachi, 74600, Pakistan",,Yes,https://www.foodpanda.pk/food-ordering?c=pk&s=s&vc=jpfd&adj_t=1naixy2v_1nsybtos&adj_campaign=google_reserve_place_order_action_CH-SEO_&adj_deep_link=foodpanda%3A%2F%2F%3Fc%3Dpk%26s%3Ds%26vc%3Djpfd&adj_fallback=https://foodpanda.pk/restaurant/jpfd/zahid-nihari-restaurant-tariq-road?utm_campaign=google_reserve_place_order_action_CH-SEO_&adj_redirect_macos=https://foodpanda.pk/restaurant/jpfd/zahid-nihari-restaurant-tariq-road?utm_campaign=google_reserve_place_order_action_CH-SEO_,,+92 301 2636546,,,15680,"Restaurants Karachi, Pakistan"
Cafe Flo,+92 21 35830018,"d82, 1 26th Street, Block 4 Clifton, Karachi, 75500, Pakistan",https://www.facebook.com/cafeflo/,Yes,https://foodpanda.pk/restaurant/rzix/cafe-flo-rzix?utm_source=google&utm_medium=organic&utm_campaign=google_reserve_place_order_action,,+92 21 35830018,,,3496,"Restaurants Karachi, Pakistan"
Ginsoy - SMCHS Branch,+92 21 34398831,"Captain Fareed Bukhari Shaheed Rd, Sindhi Muslim Cooperative Housing Society Block A Sindhi Muslim CHS (SMCHS), Karachi, Pakistan",,Yes,https://www.ginsoy.com/reservation-form.php,,+92 21 34398831,,,8299,"Restaurants Karachi, Pakistan"
Colette,+92 21 35309991,"C, 31 E St, Block 4 Clifton, Karachi, 75500, Pakistan",,Yes,https://foodpanda.pk/restaurant/r77k/colette?utm_source=google&utm_medium=organic&utm_campaign=google_reserve_place_order_action,,+92 21 35309991,,,824,"Restaurants Karachi, Pakistan"
Kanteen,+92 21 34534433,"Plot no 12, Block 7 Tipu Sultan Rd, Karachi Memon Co-operative Housing Society Jinnah Housing Society Karachi, 75500, Pakistan",,Yes,https://www.foodpanda.pk/food-ordering?c=pk&s=s&vc=gvd3&adj_t=1naixy2v_1nsybtos&adj_campaign=google_reserve_place_order_action_CH-SEO_&adj_deep_link=foodpanda%3A%2F%2F%3Fc%3Dpk%26s%3Ds%26vc%3Dgvd3&adj_fallback=https://foodpanda.pk/restaurant/gvd3/kanteen-tipu-sultan?utm_campaign=google_reserve_place_order_action_CH-SEO_&adj_redirect_macos=https://foodpanda.pk/restaurant/gvd3/kanteen-tipu-sultan?utm_campaign=google_reserve_place_order_action_CH-SEO_,,+92 21 34534433,,,3127,"Restaurants Karachi, Pakistan"
Bar BQ Tonight Clifton,+92 21 111 227 111,"5/1، Boating Basin, Block 5 Clifton, Karachi, 75600, Pakistan",,Yes,https://www.barbq-tonight.com/,,+92 21 111 227 111,bootstrap@3.4.1,,25364,"Restaurants Karachi, Pakistan"
Zeytin,+92 331 0223333,"Safa Residency, Shaheed-e-Millat Rd, Maniya Society Maniya CHS (MCHS) P.E.C.H.S., Karachi, 75400, Pakistan",,Yes,http://www.zeytin.pk/,,+92 331 0223333,zeytinpakistan@gmail.com,,7884,"Restaurants Karachi, Pakistan"
Cafeela DHA,+92 21 111 112 999,"Main Shahbaz Commercial Area Shahbaz Commercial Area Phase 6 Defence Housing Authority, Karachi, 75500, Pakistan",,Yes,http://www.cafeela.pk/,,+92 21 111 112 999,,,2078,"Restaurants Karachi, Pakistan"
Testkitchen by Okra,+92 301 8233334,"Shop 1&2, 12-C 10th Commercial Ln, DHA Phase 5 Defence V Karachi, 75600, Pakistan",https://www.instagram.com/testkitchenbyokra/?hl=en,No,,,+92 301 8233334,,,1408,"Restaurants Karachi, Pakistan"
Côte Rôtie,+92 316 2882880,"Plot/St, 1, Block 8 Clifton, Karachi, 75600, Pakistan",,Yes,https://foodpanda.pk/restaurant/u9ga/cote-rotie?utm_source=google&utm_medium=organic&utm_campaign=google_reserve_place_order_action,,+92 316 2882880,,,2239,"Restaurants Karachi, Pakistan"
Shanghai Social,+92 304 0096866,"plot number 7, Com3 Tower, com3 mall, block 6 Block 6 Clifton, Karachi, 75600, Pakistan",,Yes,https://foodpanda.pk/restaurant/wr0f/shanghai-social?utm_source=google&utm_medium=organic&utm_campaign=google_reserve_place_order_action,,+92 304 0096866,,,805,"Restaurants Karachi, Pakistan"
Kaiser Restaurant,+92 21 32628954,"V245+5RV, Dr Ziauddin Ahmed Rd, Saddar Near Lighthouse, Karachi, Pakistan",https://web.facebook.com/Kaiserkarachi/?fb_dtsg_ag=AdzwqIjrKdQHjQykQTKE1DgHMvO337fpPGZ9YDW8Pnq1uQ%3AAdx-bdYs8tB75KFpkJVbrbzYjmCplAUC-5mphAU4B7l0Bw,Yes,https://foodpanda.pk/restaurant/n4pa/kaiser-restaurant?utm_source=google&utm_medium=organic&utm_campaign=google_reserve_place_order_action,,+92 21 32628954,,,1114,"Restaurants Karachi, Pakistan"
Kolachi Restaurant,+92 21 111 111 001,"5Th, Ocean Towers, Khayaban-e-Iqbal, Block 9 Clifton, Karachi, 75600, Pakistan",,No,,,+92 21 111 111 001,,,7670,"Restaurants Karachi, Pakistan"
Real Spice - Tariq Road ریئل اسپائس - طارق روڈ,+92 21 111 734 628,"124-M, Block 2 P.E.C.H.S., Karachi, 75400, Pakistan",,Yes,http://realspice.com.pk/,,+92 21 111 734 628,info.realspice@rehmateshereen.com,,3865,"Restaurants Karachi, Pakistan"
Mizaaj Restaurant,+92 301 9025777,"Plot 6 A, Main Shahra-e-Faisal, Sindhi Muslim Cooperative Housing Society Block A Sindhi Muslim CHS (SMCHS), Karachi, Pakistan",,Yes,https://mizaajrestaurant.com/menu,,+92 301 9025777,,,6245,"Restaurants Karachi, Pakistan"
Nihari Inn,+92 21 35870026,"17 Bank Rd, Block 5 Clifton, Karachi, 75600, Pakistan",,Yes,https://www.foodpanda.pk/food-ordering?c=pk&s=s&vc=v4gn&adj_t=1naixy2v_1nsybtos&adj_campaign=google_reserve_place_order_action_CH-SEO_&adj_deep_link=foodpanda%3A%2F%2F%3Fc%3Dpk%26s%3Ds%26vc%3Dv4gn&adj_fallback=https://foodpanda.pk/restaurant/v4gn/nihari-inn-boat-basin-v4gn?utm_campaign=google_reserve_place_order_action_CH-SEO_&adj_redirect_macos=https://foodpanda.pk/restaurant/v4gn/nihari-inn-boat-basin-v4gn?utm_campaign=google_reserve_place_order_action_CH-SEO_,,+92 21 35870026,,,1442,"Restaurants Karachi, Pakistan"
Hot N Spicy Khadda Market,+92 21 111 223 334,"DHA Phase 5 Stadium Commercial Area Defence V Defence Housing Authority, Karachi, 75500, Pakistan",,Yes,https://foodpanda.pk/restaurant/c6pw/hot-n-spicy-khada-market?utm_source=google&utm_medium=organic&utm_campaign=google_reserve_place_order_action,,+92 21 111 223 334,,,5867,"Restaurants Karachi, Pakistan"
Sakura,+92 21 111 505 505,"R2XG+25W, Club Rd, Civil Lines, Karachi, Pakistan","https://www.facebook.com/profile.php?id=61583932569703, https://www.instagram.com/sakuraretails/",Yes,https://sakura.com.pk/,https://sakura.com.pk/pages/about-us,+92 21 111 505 505,sakuraretails@gmail.com,,1186,"Restaurants Karachi, Pakistan"
Pompei Italian Restaurant,+92 336 5531111,"Old Railways Club، Inside Shapes Compound، 139 McNeil Rd, Karachi Cantonment Karachi, 75530, Pakistan",https://www.facebook.com/pompeikarachi/,No,,,+92 336 5531111,,,1403,"Restaurants Karachi, Pakistan"
Frontier Restaurant,+92 300 9281235,"Shop # SC-10, Sea Breeze Center, Block 5 Clifton, Karachi, 75600, Pakistan",,Yes,http://www.boatbasin.pk/cafefrontier,,+92 300 9281235,,,3270,"Restaurants Karachi, Pakistan"
Das Numberi - Tipu Sultan,+92 349 6862374,"Ericsson, 44, 43 Tipu Sultan Rd, Karachi Memon Co-operative Housing Society Jinnah Housing Society P.E.C.H.S., Karachi, Pakistan","https://web.facebook.com/DasNumberi10, https://www.instagram.com/das.numberi/",Yes,https://dusnumberi.com/,https://dusnumberi.com/pages/contact,+92 349 6862374,info@Dusnumberi.com,,1146,"Restaurants Karachi, Pakistan"
Bombay Restaurant,+92 300 2573494,"R2VQ+62V, Lilly Bridge، near Lilly Bridge, Karachi Cantonment Karachi, Pakistan",,Yes,https://foodpanda.pk/restaurant/t0zc/new-bombay-restaurant?utm_source=google&utm_medium=organic&utm_campaign=google_reserve_place_order_action,,+92 300 2573494,,,997,"Restaurants Karachi, Pakistan"
Cafe Darakhshan,+92 21 32750004,"V27F+WXH، MA Jinnah Rd, Preedy Quarters, Near Garden Square, Preedy Quarters, Karachi, Pakistan",,No,,,+92 21 32750004,,,2044,"Restaurants Karachi, Pakistan"
Karachi Walayf,2429000596,"23C, Stadium lane, 2 Khayaban-e-Shamsheer, DHA Phase 5 Stadium Commercial Area Defence V Defence Housing Authority, Karachi, 75500, Pakistan",,No,,,2429000596,,,24,"Restaurants Karachi, Pakistan"
Chef's Table Pakistan,+92 303 2299444,"6 Khayaban-e-Nishat, Phase Ittehad Commercial Area Phase 6 Defence Housing Authority, Karachi, 75500, Pakistan","https://instagram.com/chefstablepakistan?igshid=MmVlMjlkMTBhMg==, https://www.facebook.com/chefstablepk, https://www.facebook.com/chefstablepk/menu/?id=100063902291549&sk=menu",Yes,https://chefstable.pk/,https://chefstable.pk/#menu,+92 303 2299444,,,726,"Restaurants Karachi, Pakistan"
Chillee'z Restaurant,+92 21 34315733,"100 Tipu Sultan Rd, Mohammad Ali Society PECHS Extension Muhammad Ali Chs (Machs), Karachi, Pakistan",,Yes,https://chilleez.pk/,,+92 21 34315733,,,3777,"Restaurants Karachi, Pakistan"
Cool Inn,13517624122,"R2GJ+P8Q, Block 5 Clifton, Karachi, 75600, Pakistan",,Yes,https://www.foodpanda.pk/food-ordering?c=pk&s=s&vc=hwql&adj_t=1naixy2v_1nsybtos&adj_campaign=google_reserve_place_order_action_CH-SEO_&adj_deep_link=foodpanda%3A%2F%2F%3Fc%3Dpk%26s%3Ds%26vc%3Dhwql&adj_fallback=https://foodpanda.pk/restaurant/hwql/cool-inn-boat-basin?utm_campaign=google_reserve_place_order_action_CH-SEO_&adj_redirect_macos=https://foodpanda.pk/restaurant/hwql/cool-inn-boat-basin?utm_campaign=google_reserve_place_order_action_CH-SEO_,,13517624122,,,1923,"Restaurants Karachi, Pakistan"
Chop Chop Wok,+92 21 111 965 111,"Q2WW+G6C, 57-C Khayaban-e-Badar, DHA Phase 5 Badar Commercial Area Defence V Defence Housing Authority, Karachi, 75500, Pakistan","https://www.facebook.com/ChopChopWokpk, https://www.instagram.com/ChopChopWok, https://www.instagram.com/chopchopwok, https://www.youtube.com/channel/UC8-dZIHkKLToDoBQdjprz9g",Yes,https://www.chopchopwok.pk/menu,https://www.chopchopwok.pk/menu,+92 21 111 965 111,"contactus@chopchopwok.pk, feedback@chopchopwok.pk",,3509,"Restaurants Karachi, Pakistan"
Zhongguo Cai 中国菜,+92 332 8277792,"97 9th Commercial St, D.H.A. Phase 4 Phase 4 Defence Housing Authority, Karachi, 75500, Pakistan",https://facebook.com/pg/ZhongguoCaiChineseCuisine/menu/,Yes,https://www.zhongguocai.pk/,,+92 332 8277792,,,284,"Restaurants Karachi, Pakistan"
Dera,+92 332 3777299,"Block 5 Clifton, Karachi, 75600, Pakistan","https://facebook.com/pg/deraresturantkhi/menu/, https://www.facebook.com/deraresturantkhi/",Yes,https://foodpanda.pk/restaurant/u0mi/dera-u0mi?utm_source=google&utm_medium=organic&utm_campaign=google_reserve_place_order_action,,+92 332 3777299,,,1107,"Restaurants Karachi, Pakistan"
Cafe Bogie,+92 334 2537994,"Near: City Station, I.I Chundrigar Rd, City Railway Colony, Karachi, 74400, Pakistan","https://www.facebook.com/brand/resources/whatsapp/whatsapp-brand, https://www.facebook.com/profile.php?id=100064758844406, https://www.instagram.com/whatsapp/?hl=en, https://www.youtube.com/channel/UCAuerig2N-RZWJT8x75V9yw, https://x.com/whatsapp",Yes,https://wa.me/message/YQ672MAAUWSGO1,,+92 334 2537994,,,2931,"Restaurants Karachi, Pakistan"
Angeethi - DHA,+92 21 38899996,"Shop No 1 & 2 Plot 6-C Main, Shahbaz Commercial Area Phase 6 Defence Housing Authority, Karachi, 75500, Pakistan",,Yes,https://angeethipk.com/,,+92 21 38899996,angeethiofficial@gmail.com,,1246,"Restaurants Karachi, Pakistan"
Flamingo Juice & Chat,+92 21 35870168,"Shop No. 15, Hashoo Terrace, Block 5 Clifton, Karachi, 75600, Pakistan",,No,,,+92 21 35870168,,,3881,"Restaurants Karachi, Pakistan"
Gazebo restaurant,+92 21 35247682,"2-C, Saba Avenue, Saba Commercial, DHA Phase 5، Extension Saba Commercial Area Defence V Defence Housing Authority, Karachi, 75500, Pakistan",,No,,,+92 21 35247682,,,1416,"Restaurants Karachi, Pakistan"
Karachi Restaurant,13564429364,"V285+X7J, Mahmud Shah Road, Jinnahabad Jinnahabad 2, Karachi, Pakistan",,No,,,13564429364,,,477,"Restaurants Karachi, Pakistan"
THE MENU,+92 332 2656485,"Shop # 2 & 3, Amina Tower, Sindhi Muslim Cooperative Housing Society Block A Sindhi Muslim CHS (SMCHS), Karachi, Pakistan",,Yes,https://www.hongshao.pk/,,+92 332 2656485,,,157,"Restaurants Karachi, Pakistan"
The Deli,+92 345 0605587,"Block 04, House C-29, 1 33-A St, Block 4 Clifton, Karachi, Pakistan",,No,,,+92 345 0605587,,,243,"Restaurants Karachi, Pakistan"
Angus Steak House,+92 21 35301814,"23-C, 2nd Commercial Lane،, Main Zamzama Blvd, Zamzama Commercial Area Defence V Karachi, 75500, Pakistan",,Yes,https://angussteakhouse.org/reserve/,https://angussteakhouse.org/menu/,+92 21 35301814,,,1234,"Restaurants Karachi, Pakistan"
Noorebahar Restaurant (old Naubahar Restaurants),+92 331 2570071,"Shahrah-e-Iraq, Saddar Town، Karachi, Pakistan",,Yes,https://foodpanda.pk/restaurant/bnvz/noorebahar-restaurant?utm_source=google&utm_medium=organic&utm_campaign=google_reserve_place_order_action,,+92 331 2570071,,,920,"Restaurants Karachi, Pakistan"
Chop Prime Steakhouse,+92 322 2992220,"E St, Block 4 Clifton, Karachi, 75350, Pakistan",,No,,,+92 322 2992220,,,256,"Restaurants Karachi, Pakistan"
Spicy Khan Restaurant,+92 333 9500321,"Muhammad Bin Qasim Rd, Saddar Burns Road, Karachi, 75500, Pakistan",,No,,,+92 333 9500321,,,454,"Restaurants Karachi, Pakistan"
Sailors Restaurant,+92 21 35688234,"Raja Ghazanfar Ali Rd, Saddar Karachi, Pakistan",,Yes,https://foodpanda.pk/restaurant/u6dr/sailors?utm_source=google&utm_medium=organic&utm_campaign=google_reserve_place_order_action,,+92 21 35688234,,,712,"Restaurants Karachi, Pakistan"
Cafe Jackson Five Restaurant,+92 300 9676080,"Plot no 9E, 7 3rd Zamzama Commercial Lane, Zamzama Commercial Area Defence V DHA Karachi, Karachi, 75500, Pakistan",https://www.facebook.com/cafejackson,No,,,+92 300 9676080,,,299,"Restaurants Karachi, Pakistan"
Hot N Pepper,+92 307 2388441,"130-C 7th Commercial Ln, D.H.A. Phase 4 Phase 4 Defence Housing Authority, Karachi, 75500, Pakistan",,No,,,+92 307 2388441,,,1126,"Restaurants Karachi, Pakistan"
Food Court - The Ocean Mall,+92 21 35140922,"Tower Plot # G, 27th Floor - Ocean Mall &, 3 Road, Block 9 Clifton, Karachi, 75600, Pakistan",,Yes,https://oceanmall.pk/,,+92 21 35140922,,,2157,"Restaurants Karachi, Pakistan"
BULAND - PAK CUISINE,+92 300 3720202,"Shop no5, Nanak Wara panmandi,karachi, Karachi, 72400, Pakistan",,Yes,https://www.foodpanda.pk/food-ordering?c=pk&s=s&vc=galx&adj_t=1naixy2v_1nsybtos&adj_campaign=google_reserve_place_order_action_CH-SEO_&adj_deep_link=foodpanda%3A%2F%2F%3Fc%3Dpk%26s%3Ds%26vc%3Dgalx&adj_fallback=https://foodpanda.pk/restaurant/galx/buland-pakcuisine-pan-mandi?utm_campaign=google_reserve_place_order_action_CH-SEO_&adj_redirect_macos=https://foodpanda.pk/restaurant/galx/buland-pakcuisine-pan-mandi?utm_campaign=google_reserve_place_order_action_CH-SEO_,,+92 300 3720202,,,2951,"Restaurants Karachi, Pakistan"
Waheed Kabab House Burns Road,+92 323 2244932,"Sunehri Masjid, Burns Road, Karachi, 72000, Pakistan",,Yes,https://br.waheedkabab.pk/,,+92 323 2244932,wajji_888@hotmail.com,,9026,"Restaurants Karachi, Pakistan"
Chullu Kabab Sistani,+92 300 8277731,"Dr Daud Pota Rd، opposite Petrol Pump, Saddar Karachi, 75260, Pakistan",,Yes,https://www.foodpanda.pk/food-ordering?c=pk&s=s&vc=y73a&adj_t=1naixy2v_1nsybtos&adj_campaign=google_reserve_place_order_action_CH-SEO_&adj_deep_link=foodpanda%3A%2F%2F%3Fc%3Dpk%26s%3Ds%26vc%3Dy73a&adj_fallback=https://foodpanda.pk/restaurant/y73a/chullu-kabab-sistani-y73a?utm_campaign=google_reserve_place_order_action_CH-SEO_&adj_redirect_macos=https://foodpanda.pk/restaurant/y73a/chullu-kabab-sistani-y73a?utm_campaign=google_reserve_place_order_action_CH-SEO_,,+92 300 8277731,,,4836,"Restaurants Karachi, Pakistan"
Agha Restaurant,14663184375,"VX6X+QH2, Baghdadi Shiddi Village, Karachi, Pakistan",,No,,,14663184375,,,25,"Restaurants Karachi, Pakistan"
Ktoré,+92 326 8182999,"Plot No. D145, Block 4 Clifton, Karachi, 75500, Pakistan",,No,,,+92 326 8182999,,,736,"Restaurants Karachi, Pakistan"
SIAM EXPRESS - Authentic Thai Cuisine (Takeaway & Delivery only),+92 316 0200444,"D.H.A. Phase 2 Phase 2 Defence Housing Authority, Karachi, 75500, Pakistan",,Yes,https://www.foodbooking.com/ordering/restaurant/menu?company_uid=024568a3-796f-4eb9-8b73-00c3baba8e92&facebook=true&restaurant_uid=fdf72a8d-99be-4552-b75a-4eb436bf1b21,,+92 316 0200444,,,73,"Restaurants Karachi, Pakistan"
Zaytoon Bar B.Q,+92 21 35644452,"Shahrah-e-Liaquat, Saddar Artillery Maidan, Karachi, Pakistan",https://www.facebook.com/people/Zaytoon-BarBQ-sadder-karachi/100061212664639/,Yes,https://foodpanda.pk/restaurant/uwwf/zaytoon-bar-bq?utm_source=google&utm_medium=organic&utm_campaign=google_reserve_place_order_action,,+92 21 35644452,,,354,"Restaurants Karachi, Pakistan"
A-One Snacks,+92 21 35386390,"R3R4+GRH, Plot 42 D, Commercial Area A market, Plot 45 A, Commercial Area A Phase 2 Defence Housing Authority, Karachi, 75500, Pakistan",,Yes,https://www.foodpanda.pk/food-ordering?c=pk&s=s&vc=s6xo&adj_t=1naixy2v_1nsybtos&adj_campaign=google_reserve_place_order_action_CH-SEO_&adj_deep_link=foodpanda%3A%2F%2F%3Fc%3Dpk%26s%3Ds%26vc%3Ds6xo&adj_fallback=https://foodpanda.pk/restaurant/s6xo/a-one-snacks-defence-market?utm_campaign=google_reserve_place_order_action_CH-SEO_&adj_redirect_macos=https://foodpanda.pk/restaurant/s6xo/a-one-snacks-defence-market?utm_campaign=google_reserve_place_order_action_CH-SEO_,,+92 21 35386390,,,4849,"Restaurants Karachi, Pakistan"
Mirchi 360 Degrees,+92 21 35248805,"R27X+FMM, Stadium Lane 3, DHA Phase 5 Stadium Commercial Area Defence V Defence Housing Authority, Karachi, 75500, Pakistan",,Yes,https://foodpanda.pk/restaurant/f4n7/mirchi-360-khada-market?utm_source=google&utm_medium=organic&utm_campaign=google_reserve_place_order_action,,+92 21 35248805,,,285,"Restaurants Karachi, Pakistan"
Dynasty,+92 21 111 282 747,"V23J+4VQ, Saddar, Karachi, Sindh, Karachi Cantonment, Pakistan",,No,,,+92 21 111 282 747,,,945,"Restaurants Karachi, Pakistan"
Rangoli Restaurant,+92 21 99245287,"Karsaz Rd, Karsaz Faisal Cantonment, Karachi, Pakistan",,No,,,+92 21 99245287,,,4904,"Restaurants Karachi, Pakistan"
Big Bash DHA,+92 342 8240588,"25C Stadium Lane 1, DHA Phase 5 Stadium Commercial Area Defence V Defence Housing Authority, Karachi, 75500, Pakistan",,Yes,http://www.bigbash.pk/,,+92 342 8240588,intfoodpk@gmail.com,,1933,"Restaurants Karachi, Pakistan"
Marhaba Restaurant,+92 336 3291612,"V2CX+98V, Shahrah-e-Qaideen, Block 2 P.E.C.H.S., Karachi, 75400, Pakistan","https://www.facebook.com/foodpanda.pk/, https://www.instagram.com/foodpanda_pakistan/",Yes,https://foodpanda.pk/restaurant/w2yp/marhaba-restaurant-w2yp?utm_source=google&utm_medium=organic&utm_campaign=google_reserve_place_order_action,https://foodpanda.pk/restaurant/w2yp/marhaba-restaurant-w2yp?utm_source=google&utm_medium=organic&utm_campaign=google_reserve_place_order_action#main-content,+92 336 3291612,"20Appetit@2x.png, corporate@foodpanda.pk, help@sgroup.com, help@sgroup.com., support@foodora.no, u002FfdAPAC_header_img@3x.png, u002Fillustration_allowance@2x.png, u002Fillustration_later_allowance@2x.png, u002Fillustration_used_allowance@2x.png",,839,"Restaurants Karachi, Pakistan"
Koyla Chai۔ کوئلہ چائے,+92 320 2828280,"D2 Clifton Block 2 Next to Shell Pump Bilawal Chowrangi, Shahrah-e-Ghalib Rd, Block 2 Clifton, Karachi, 75600, Pakistan",,Yes,http://www.koylachai.com.pk/menu,,+92 320 2828280,,,8407,"Restaurants Karachi, Pakistan"
Amna Biryani,+92 300 3781888,"shop#1, 5C Shahbaz Comm. St. 2, Main Shahbaz Commercial Area Shahbaz Commercial Area Phase 6 Defence Housing Authority, Karachi, 75500, Pakistan",https://m.youtube.com/channel/UCpYowOv2gdmJqsoT4enkXBg,No,,,+92 300 3781888,,,551,"Restaurants Karachi, Pakistan"
ZA’ATAR,+92 343 1129710,"Defence market, near A one snacks, d.h.a phase2 commercial area Phase 2 Defence Housing Authority, Karachi, 75500, Pakistan","https://www.facebook.com/foodpanda.pk/, https://www.instagram.com/foodpanda_pakistan/",Yes,https://foodpanda.pk/restaurant/eb13/zaatar-eb13?utm_source=google&utm_medium=organic&utm_campaign=google_reserve_place_order_action,,+92 343 1129710,"20Appetit@2x.png, corporate@foodpanda.pk, help@sgroup.com, help@sgroup.com., support@foodora.no, u002FfdAPAC_header_img@3x.png, u002Fillustration_allowance@2x.png, u002Fillustration_later_allowance@2x.png, u002Fillustration_used_allowance@2x.png",,132,"Restaurants Karachi, Pakistan"
Café E Street,+92 335 3822700,"R24M+WVX, E St, F-44/2 Block-4, Scheme-5 Clifton, Karachi, 75600, Pakistan","http://www.facebook.com/CafeEStreet, https://www.facebook.com/pg/DVaas.pk/photos/?tab=album&album_id=144226963721784",No,,,+92 335 3822700,,,630,"Restaurants Karachi, Pakistan"
Royal Ice & Spice,+92 21 111 002 111,"Karachi, Sindhi Muslim Cooperative Housing Society Block A Sindhi Muslim CHS (SMCHS), Karachi, 75500, Pakistan",,Yes,https://foodpanda.pk/restaurant/z9q5/royal-ice-and-spice?utm_source=google&utm_medium=organic&utm_campaign=google_reserve_place_order_action,,+92 21 111 002 111,,,6561,"Restaurants Karachi, Pakistan"
Bundoo Khan Restaurant,+92 304 2810873,"Street 10, DHA Phase 5 Badar Commercial Area Defence V Defence Housing Authority, Karachi, 75500, Pakistan","https://www.facebook.com/brand/resources/whatsapp/whatsapp-brand, https://www.facebook.com/profile.php?id=100064758844406, https://www.instagram.com/whatsapp/?hl=en, https://www.youtube.com/channel/UCAuerig2N-RZWJT8x75V9yw, https://x.com/whatsapp",Yes,https://wa.me/message/V7G37DDC4QZHF1,,+92 304 2810873,,,2039,"Restaurants Karachi, Pakistan"
SALT CAFE,+92 310 0007258,"Plot R 993, Napier Quarter, Karachi, Pakistan",,No,,,+92 310 0007258,,,58,"Restaurants Karachi, Pakistan"
New Sadabahar Restaurant,+92 21 34215869,"V3J8+QHF, Bahadurabad BMCHS Sharafabad, Karachi, Pakistan",,Yes,https://foodpanda.pk/restaurant/u0ir/new-sadabahar-restaurant?utm_source=google&utm_medium=organic&utm_campaign=google_reserve_place_order_action,,+92 21 34215869,,,1207,"Restaurants Karachi, Pakistan"
Handi Inn,+92 332 2418786,"Shop # SC-6, Plot # FL-17, Boat Basin, Sea Breeze Centre, Block 5 Clifton, Karachi, 75600, Pakistan",,Yes,https://www.handiinn.pk/,,+92 332 2418786,handiinn786@gmail.com,,186,"Restaurants Karachi, Pakistan"
Shaikh Abdul Ghaffar Kabab House,+92 322 0000779,"Dehli Saudagar Rd No. 4, next to Riaz Masjid, Delhi Mercantile Society P.E.C.H.S., Karachi, Pakistan",,Yes,https://saghaffarkabab.pk/,,+92 322 0000779,,,13140,"Restaurants Karachi, Pakistan"
Silver Spoon Snacks,+92 314 7116472,"318 Tariq Rd، near Liberty Signal، CC Area Block 2 P.E.C.H.S., Karachi, Pakistan",,Yes,https://www.foodpanda.pk/food-ordering?c=pk&s=s&vc=s4wi&adj_t=1naixy2v_1nsybtos&adj_campaign=google_reserve_place_order_action_CH-SEO_&adj_deep_link=foodpanda%3A%2F%2F%3Fc%3Dpk%26s%3Ds%26vc%3Ds4wi&adj_fallback=https://foodpanda.pk/restaurant/s4wi/silver-spoon-snacks-tariq-road?utm_campaign=google_reserve_place_order_action_CH-SEO_&adj_redirect_macos=https://foodpanda.pk/restaurant/s4wi/silver-spoon-snacks-tariq-road?utm_campaign=google_reserve_place_order_action_CH-SEO_,,+92 314 7116472,,,3305,"Restaurants Karachi, Pakistan"
Fajar Sea Foods,+92 333 3017929,"Plot no, 4-C 15th Commercial St, D.H.A Phase II Extension Phase 2 Commercial Area Defence Housing Authority, Karachi, 75500, Pakistan",,No,,,+92 333 3017929,,,1317,"Restaurants Karachi, Pakistan"
Ginsoy - Shahbaz HQ,+92 21 111 446 769,"Ground Floor, 40-C Khayaban-e-Shahbaz, D.H.A Phase 6 Shahbaz Commercial Area Phase 6 Defence Housing Authority, Karachi, 75500, Pakistan",,Yes,http://order.ginsoy.com/,,+92 21 111 446 769,"Info@ginsoy.com, bawejasaim@gmail.com, foodcourtsventures@hotmail.com, madnanmansuri@gmail.com, sualeh888@gmail.com",,5144,"Restaurants Karachi, Pakistan"
Asia Live | Avari towers,+92 21 35660100,"Avari Towers Main Building, Karachi Cantonment, Karachi, Pakistan",,No,,,+92 21 35660100,,,1278,"Restaurants Karachi, Pakistan"
Peking Chinese Restaurant,+92 21 34949353,"A-32 Bahadur Shah Zafar Road, Bahadurabad BMCHS Sharafabad, Karachi, Pakistan",,No,,,+92 21 34949353,,,885,"Restaurants Karachi, Pakistan"
Javed Nihari,+92 336 8990070,"Ground floor, Sumya Terrace, Alamgir Rd, Maqboolabad Society Maqboolabad CHS, Karachi, Pakistan",,Yes,https://foodpanda.pk/restaurant/d6gv/javaid-nihari-sharfabad?utm_source=google&utm_medium=organic&utm_campaign=google_reserve_place_order_action,,+92 336 8990070,,,5562,"Restaurants Karachi, Pakistan"
Butlers Chocolate Café,+92 21 35302006,"6th Commercial Ln, Zamzama Commercial Area Defence V Karachi, 75600, Pakistan",,Yes,https://www.foodpanda.pk/food-ordering?c=pk&s=s&vc=s0zk&adj_t=1naixy2v_1nsybtos&adj_campaign=google_reserve_place_order_action_CH-SEO_&adj_deep_link=foodpanda%3A%2F%2F%3Fc%3Dpk%26s%3Ds%26vc%3Ds0zk&adj_fallback=https://foodpanda.pk/restaurant/s0zk/butlers-chocolate-cafe-dha?utm_campaign=google_reserve_place_order_action_CH-SEO_&adj_redirect_macos=https://foodpanda.pk/restaurant/s0zk/butlers-chocolate-cafe-dha?utm_campaign=google_reserve_place_order_action_CH-SEO_,,+92 21 35302006,,,4948,"Restaurants Karachi, Pakistan"
Sajid Restaurant,+92 300 2435010,"People’s Square, near Burns Road, Karachi, 75500, Pakistan",,No,,,+92 300 2435010,,,207,"Restaurants Karachi, Pakistan"
Noorani Kabab House. Karachi,+92 347 2312011,"Shahrah-e-Qaideen, Block 2 P.E.C.H.S., Karachi, 75400, Pakistan",,No,,,+92 347 2312011,,,10655,"Restaurants Karachi, Pakistan"
Desi Tarka Pakistan,+92 335 8240077,"Main Khayaban-e-Hilal, near Ujala School, D.H.A Phase 6 Phase 6 Defence Housing Authority, Karachi, 75600, Pakistan",,Yes,https://foodpanda.pk/restaurant/n0ml/desi-tarka-pakistan?utm_source=google&utm_medium=organic&utm_campaign=google_reserve_place_order_action,,+92 335 8240077,,,31,"Restaurants Karachi, Pakistan"
Kaybees III,+92 21 35895851,"10-D Commercial Area A Main Korangi Rd, Commercial Area A Phase 2 Defence Housing Authority, Karachi, 75500, Pakistan",,Yes,https://foodpanda.pk/restaurant/s1gw/kaybees-dha-phase-2?utm_source=google&utm_medium=organic&utm_campaign=google_reserve_place_order_action,,+92 21 35895851,,,2488,"Restaurants Karachi, Pakistan"
Grill N Grill,+92 21 35140960,"R2FP+G8M, Ocean Mall & Tower, Khayaban-e-Iqbal, Block 9 Clifton, Karachi, 75600, Pakistan",,Yes,https://www.foodpanda.pk/food-ordering?c=pk&s=s&vc=u86f&adj_t=1naixy2v_1nsybtos&adj_campaign=google_reserve_place_order_action_CH-SEO_&adj_deep_link=foodpanda%3A%2F%2F%3Fc%3Dpk%26s%3Ds%26vc%3Du86f&adj_fallback=https://foodpanda.pk/restaurant/u86f/grill-n-grill?utm_campaign=google_reserve_place_order_action_CH-SEO_&adj_redirect_macos=https://foodpanda.pk/restaurant/u86f/grill-n-grill?utm_campaign=google_reserve_place_order_action_CH-SEO_,,+92 21 35140960,,,18,"Restaurants Karachi, Pakistan"
KHUDEE- Bakery & Cafe by KVTC,+92 312 8267366,"Plot 10 Commercial Ave, D.H.A. Phase 4 Phase 4 Defence Housing Authority, Karachi, 75500, Pakistan",,No,,,+92 312 8267366,,,165,"Restaurants Karachi, Pakistan"
Casbah,+92 21 35611031,"RXVW+86J، Moulvi Tamizuddin Khan Road, Avari Hotels International, Lalazar, Karachi, Pakistan",,No,,,+92 21 35611031,,,120,"Restaurants Karachi, Pakistan"
Nadia Cafe,+92 21 111 223 344,"Marriot Hotel, 9 Abdullah Haroon Rd, Civil Lines Karachi, Pakistan","https://twitter.com/marriottbonvoy, https://www.facebook.com/Karachi.Marriott.Hotel/, https://www.facebook.com/groups/marriottbonvoyinsiders/, https://www.facebook.com/marriottbonvoy, https://www.instagram.com/marriott_karachi/, https://www.instagram.com/marriottbonvoy/, https://www.linkedin.com/company/marriott-international, https://www.linkedin.com/in/anthony-capuano-a68390bb/, https://www.linkedin.com/in/davidsmarriott/, https://www.youtube.com/marriott",Yes,http://www.marriott.com/hotels/hotel-photos/khipk-karachi-marriott-hotel/,https://www.marriott.com/loyalty.mi,+92 21 111 223 344,"BestRateGuarantee@marriott.com, u003eBestRateGuarantee@marriott.com",,1026,"Restaurant Karachi, Pakistan"
Karachi Brasserie,+92 330 8880773,"Hotel Excelsior, opposite to Atrium Mall, Saddar Karachi, Pakistan",,No,,,+92 330 8880773,,,290,"Restaurant Karachi, Pakistan"
The Region banquet and restaurant,+92 334 0734466,"National Sailing Centre, Street no 19, Boat Basin, Block 6 Clifton, Karachi, 75600, Pakistan",,No,,,+92 334 0734466,,,285,"Restaurant Karachi, Pakistan"
Cocochan - Tipu Sultan,+92 21 34552695,"1A Tipu Sultan Rd, next to Xanders, Karachi Memon Co-operative Housing Society Jinnah Housing Society P.E.C.H.S., Karachi, Pakistan",,Yes,https://foodpanda.pk/restaurant/t0iv/cocochan?utm_source=google&utm_medium=organic&utm_campaign=google_reserve_place_order_action,,+92 21 34552695,,,5155,"Restaurant Karachi, Pakistan"
Smily Lips Restaurant & Cafe,+92 318 4952559,"P and T Colony Gizri, Karachi, 75600, Pakistan",,No,,,+92 318 4952559,,,7,"Restaurant Karachi, Pakistan"
Bismillah restaurant,+92 306 2820022,"R2PX+MV2, Machar Colony, Karachi, Pakistan",,No,,,+92 306 2820022,,,65,"Restaurant Karachi, Pakistan"
Yazu Pakistan,+92 310 0009298,"D72, 1, Block 4 Clifton, Karachi, 75600, Pakistan",https://www.facebook.com/media/set?vanity=yazu.pk&set=a.122125037558176754,Yes,https://foodpanda.pk/restaurant/eygh/yazu-pakistan?utm_source=google&utm_medium=organic&utm_campaign=google_reserve_place_order_action,,+92 310 0009298,,,199,"Restaurant Karachi, Pakistan"
Cafe Mehmood کیفے محمود,+92 21 34555899,"V363+9WV, Bukhari Rd N, Sindhi Muslim Cooperative Housing Society, Karachi, Sindh, Block A Sindhi Muslim CHS (SMCHS), Pakistan",,No,,,+92 21 34555899,,,593,"Restaurant Karachi, Pakistan"
Restaurant,,"Zone C - Block 7 Zone C Block 7 Clifton, Karachi, 74500, Pakistan",,Yes,https://www.foodpanda.pk/food-ordering?c=pk&s=s&vc=s6c1&adj_t=1naixy2v_1nsybtos&adj_campaign=google_reserve_place_order_action_CH-SEO_&adj_deep_link=foodpanda%3A%2F%2F%3Fc%3Dpk%26s%3Ds%26vc%3Ds6c1&adj_fallback=https://foodpanda.pk/restaurant/s6c1/quetta-darwesh-restaurant?utm_campaign=google_reserve_place_order_action_CH-SEO_&adj_redirect_macos=https://foodpanda.pk/restaurant/s6c1/quetta-darwesh-restaurant?utm_campaign=google_reserve_place_order_action_CH-SEO_,,,,,4,"Restaurant Karachi, Pakistan"
Hot N Spicy Restaurant,+92 21 35347279,"26c Khayaban-e-Rahat, D.H.A Phase 6 Rahat Commercial Area Phase 6 Defence Housing Authority, Karachi, 75500, Pakistan",,Yes,https://www.foodpanda.pk/food-ordering?c=pk&s=s&vc=ftce&adj_t=1naixy2v_1nsybtos&adj_campaign=google_reserve_place_order_action_CH-SEO_&adj_deep_link=foodpanda%3A%2F%2F%3Fc%3Dpk%26s%3Ds%26vc%3Dftce&adj_fallback=https://foodpanda.pk/restaurant/ftce/hot-n-spicy-rahat-commercial?utm_campaign=google_reserve_place_order_action_CH-SEO_&adj_redirect_macos=https://foodpanda.pk/restaurant/ftce/hot-n-spicy-rahat-commercial?utm_campaign=google_reserve_place_order_action_CH-SEO_,,+92 21 35347279,,,2875,"Restaurant Karachi, Pakistan"
Port Grand - Karachi,+92 348 8311111,"Road Port Grand Food St, opposite PNSC Building, West Wharf, Karachi, Pakistan",,Yes,https://www.portgrand.com/,,+92 348 8311111,,,30569,"Restaurant Karachi, Pakistan"
ON THE GRILL ~ OTG NHS Zamama,+92 21 36276933,"Shop#7, RMC Central, Navy Housing Society, Karachi, 75500, Pakistan",,Yes,https://www.onthegrill.pk/,,+92 21 36276933,Info@onthegrill.pk,,160,"Restaurant Karachi, Pakistan"
Burns Road Food Street,+92 21 32627699,"V248+PGC, Gari Khata, Karachi, Pakistan",,No,,,+92 21 32627699,,,8279,"Restaurant Karachi, Pakistan"
Food Centre,+92 21 111 000 606,"Saddar Burns Road, Karachi, Pakistan",,Yes,https://order.foodcentre.pk/,,+92 21 111 000 606,info@foodcentre.pk,,5360,"Restaurant Karachi, Pakistan"
Cafe Laziz(حافظ جی) Burns Road,+92 21 32631484,"Shahrah-e-Liaquat, Main Burns Road, Karachi, Pakistan",,No,,,+92 21 32631484,,,1766,"Restaurant Karachi, Pakistan"
The White Biryani,+92 333 1300993,"22c Rahat Commercial Lane 2, D.H.A Phase 6 Rahat Commercial Area Phase 6 Defence Housing Authority, Karachi, 75500, Pakistan",,Yes,https://www.foodpanda.pk/food-ordering?c=pk&s=s&vc=ktly&adj_t=1naixy2v_1nsybtos&adj_campaign=google_reserve_place_order_action_CH-SEO_&adj_deep_link=foodpanda%3A%2F%2F%3Fc%3Dpk%26s%3Ds%26vc%3Dktly&adj_fallback=https://foodpanda.pk/restaurant/ktly/karachi-white-biryani-and-qorma-house?utm_campaign=google_reserve_place_order_action_CH-SEO_&adj_redirect_macos=https://foodpanda.pk/restaurant/ktly/karachi-white-biryani-and-qorma-house?utm_campaign=google_reserve_place_order_action_CH-SEO_,,+92 333 1300993,,,1421,"Restaurant Karachi, Pakistan"
Haji Idrees Nihari,+92 321 2230311,"V267+7C2, Ranchore Lane, Karachi, Pakistan",,Yes,https://fb.me/HajiMuhammadIdreesNihari/,,+92 321 2230311,,,3904,"Restaurant Karachi, Pakistan"
D-Chowk Restaurant,+92 330 7260005,"No.2, Plot No. 75 Zainabia Building, Soldier Bazaar Parsi Colony Saddar, Karachi, 07442, Pakistan",,Yes,https://foodpanda.pk/restaurant/hedq/d-chowk?utm_source=google&utm_medium=organic&utm_campaign=google_reserve_place_order_action,,+92 330 7260005,,,102,"Restaurant Karachi, Pakistan"
CSD Food Court,+92 329 2180117,"CSD Food Street, near FTC building, Karachi Cantonment Karachi, Pakistan",,No,,,+92 329 2180117,,,964,"Restaurant Karachi, Pakistan"
Jan's Food - BIRYANI,+92 332 6469526,"SB-18 Shah Jhangir Kotahri Building, Raja Ghazanfar Ali Rd, Karachi, 75530, Pakistan","https://www.facebook.com/brand/resources/whatsapp/whatsapp-brand, https://www.facebook.com/jansfood, https://www.facebook.com/profile.php?id=100064758844406, https://www.instagram.com/whatsapp/?hl=en, https://www.youtube.com/channel/UCAuerig2N-RZWJT8x75V9yw, https://x.com/whatsapp",Yes,https://wa.me/message/F6A7KGMEZ5YNE1,,+92 332 6469526,,,1890,"Restaurant Karachi, Pakistan"
Karachi Fried House کراچی فرائیڈ ہاؤس,+92 311 1100534,"plot # 26, V248+JC5 sky view building, shop # 4C and 4D, Burns Road, Karachi, Pakistan",,Yes,https://www.karachifriedhouse.pk/,,+92 311 1100534,syedalimuuneeb@gmail.com,,214,"Restaurant Karachi, Pakistan"
Okra Restaurant,+92 300 8207539,"Plot 12- C 10th Commercial Ln, Zamzama Commercial Area Defence V Karachi, 75600, Pakistan",,No,,,+92 300 8207539,,,1343,"Best Restaurants Karachi, Pakistan"
Saltanat Restaurant,+92 335 1271277,"National Stadium Rd, Karsaz Faisal Cantonment, Karachi, Pakistan",https://www.facebook.com/saltanatrestaurantpk/,No,,,+92 335 1271277,,,11356,"Family Restaurants Karachi, Pakistan"
terraza,+92 333 8377292,"F 35, Block 4 Clifton, Karachi, 05444, Pakistan",https://www.instagram.com/terrazaofficialpk,Yes,http://terraza.pk/,http://terraza.pk/#visit,+92 333 8377292,,,1515,"Family Restaurants Karachi, Pakistan"
Pranzo,+92 21 35148201,"Bunglow D، 151 Astrik St, Block 5 Clifton, Karachi, 75600, Pakistan",,Yes,https://foodpanda.pk/restaurant/w7uh/pranzo-w7uh?utm_source=google&utm_medium=organic&utm_campaign=google_reserve_place_order_action,,+92 21 35148201,,,2624,"Family Restaurants Karachi, Pakistan"
Sajjad Restaurant,+92 333 2228111,"Beach Avenue، Do Darya, Sea View Rd, D.H.A. Phase 8 Zone C Phase 8 Defence Housing Authority, Karachi, 75500, Pakistan",,Yes,https://sajjadrestaurant.com/menu,,+92 333 2228111,,,8335,"Family Restaurants Karachi, Pakistan"
Klay,+92 305 1115529,"F9, 2 Khayaban-e-Saadi, Main Block 5 Clifton, Karachi, 75500, Pakistan",,Yes,http://www.klay.com.pk/,,+92 305 1115529,,,1574,"Family Restaurants Karachi, Pakistan"
Cafe Strada,+92 21 35374477,"Bungalow No. F-64/1, Block No. 4, K.D.A. Scheme No. 5, Block 4 Clifton, Karachi, Pakistan","http://www.facebook.com/cafestrada.pk, http://www.facebook.com/cafestrada.pk/menu",No,,,+92 21 35374477,,,600,"Family Restaurants Karachi, Pakistan"
Food Town Family Restaurant,+92 300 9270320,"Street number 5 main road, near Umer PCO, Block 5 Liaquatabad Town, Karachi, Pakistan",,No,,,+92 300 9270320,,,235,"Family Restaurants Karachi, Pakistan"
FamBite Restaurant,+92 300 2738343,"Dr Daud Pota Rd, Saddar Karachi, Pakistan",,Yes,https://www.foodpanda.pk/food-ordering?c=pk&s=s&vc=gjtx&adj_t=1naixy2v_1nsybtos&adj_campaign=google_reserve_place_order_action_CH-SEO_&adj_deep_link=foodpanda%3A%2F%2F%3Fc%3Dpk%26s%3Ds%26vc%3Dgjtx&adj_fallback=https://foodpanda.pk/restaurant/gjtx/fambite-restaurant?utm_campaign=google_reserve_place_order_action_CH-SEO_&adj_redirect_macos=https://foodpanda.pk/restaurant/gjtx/fambite-restaurant?utm_campaign=google_reserve_place_order_action_CH-SEO_,,+92 300 2738343,,,82,"Family Restaurants Karachi, Pakistan"
De SOUL,+92 333 7558988,"Plot F73, Block 4 Clifton, Karachi, 75600, Pakistan",,No,,,+92 333 7558988,,,85,"Family Restaurants Karachi, Pakistan"
Jordan Restaurant (Saima Paari Mall) جارڈن ریسٹورینٹ (صائمہ پاری مال),+92 318 2317506,"PLOT # D, 4th FLOOR, 1 Alfalah Road, near TAIMURIA MASJID, Block H North Nazimabad Town, Karachi, Pakistan",,Yes,https://foodpanda.pk/restaurant/t2w9/jordan-restaurant-t2w9?utm_source=google&utm_medium=organic&utm_campaign=google_reserve_place_order_action,,+92 318 2317506,,,102,"Family Restaurants Karachi, Pakistan"
Flame & Grill restaurant,+92 330 3715780,"Plot # 59-C, Street-5 Tariq Commercial, Tariq Commercial Area Phase 7 Ext Karachi, 75640, Pakistan",,No,,,+92 330 3715780,,,95,"Family Restaurants Karachi, Pakistan"
Hungry Habibi (D.H.A),+92 21 111 111 486,"Shop No. 2, 14 C Khayaban-e-Bukhari, D.H.A Phase 6 Phase 6 Defence Housing Authority, Karachi, 75500, Pakistan",,Yes,https://foodpanda.pk/restaurant/zzg7/hungry-habibi-zzg7?utm_source=google&utm_medium=organic&utm_campaign=google_reserve_place_order_action,,+92 21 111 111 486,,,1965,"Family Restaurants Karachi, Pakistan"
Roof Yard,+92 319 6639273,"Plot no. SF 9, Block E North Nazimabad Town, Karachi, 74550, Pakistan",,Yes,https://wa.me/p/5308500219230212/923196639273,,+92 319 6639273,,,998,"Family Restaurants Karachi, Pakistan"
China Town,+92 21 35860528,"R269+C3M, Block 2 Clifton, Karachi, Pakistan","http://www.instagram.com, https://web.facebook.com/China-Town-Karachi-2097311717162635/, https://www.facebook.com/sharer/sharer.php?u=https%3A%2F%2Fwww.chinatownkarachi.com%2F, https://www.facebook.com/sharer/sharer.php?u=https%3A%2F%2Fwww.chinatownkarachi.com%2Fcontact-us-3, https://www.facebook.com/sharer/sharer.php?u=https%3A%2F%2Fwww.chinatownkarachi.com%2Fmenu",Yes,http://www.chinatownkarachi.com/,https://www.chinatownkarachi.com/menu/,+92 21 35860528,services@chinatownkarachi.com,,3761,"Family Restaurants Karachi, Pakistan"
M's Kitchen by Hamza Akram Qawal,+92 335 1118882,"Shop no.1, Ocean Shamsi Building, Shaheed-e-Millat Rd, Dehli Mercantile Cooperative Housing Society Delhi Mercantile Society Karachi, 75400, Pakistan",https://www.facebook.com/mseatery1/menu,Yes,http://mskitchen.pk/,,+92 335 1118882,ahmed.bawany@ellosol.com,,773,"Family Restaurants Karachi, Pakistan"
THE STOVE CLUB,+92 311 8135074,"Shop#16, Time Square, Block 6 Gulshan-e-Iqbal, Karachi, 75300, Pakistan",https://www.instagram.com/thestoveclub,No,,,+92 311 8135074,,,2674,"Family Restaurants Karachi, Pakistan"
Rosati Bistro,+92 300 0884220,"B 12 Shahra-e-Faisal, Main Karsaz KDA Scheme 1, Karachi, 75900, Pakistan",,Yes,https://foodpanda.pk/restaurant/fi5c/red-apple-malir?utm_source=google&utm_medium=organic&utm_campaign=google_reserve_place_order_action,,+92 300 0884220,,,6698,"Family Restaurants Karachi, Pakistan"
N'eco's Natural Store & Cafe,+92 327 2495887,"8C Lane 1, Bukhari Commercial Area, D.H.A Phase 6 Bukhari Commercial Area Phase 6 Defence Housing Authority, Karachi, 75500, Pakistan",,Yes,https://cafe.necosnatural.com/,,+92 327 2495887,necosnaturals@gmail.com,,2418,"Family Restaurants Karachi, Pakistan"
Royal Taj Restaurant - Karachi,+92 344 6445444,"Allama Shabbir Ahmed Usmani Rd, Block 7 Gulshan-e-Iqbal, Karachi, 75300, Pakistan",,Yes,https://foodpanda.pk/restaurant/u3wr/royal-taj-gulshan?utm_source=google&utm_medium=organic&utm_campaign=google_reserve_place_order_action,,+92 344 6445444,,,4317,"Family Restaurants Karachi, Pakistan"
Seth Jee,+92 332 7384533,"523 Jinnah Ave, Model Colony Alamgir Society B Area, Karachi, Pakistan",,Yes,https://www.foodpanda.pk/food-ordering?c=pk&s=s&vc=e2wl&adj_t=1naixy2v_1nsybtos&adj_campaign=google_reserve_place_order_action_CH-SEO_&adj_deep_link=foodpanda%3A%2F%2F%3Fc%3Dpk%26s%3Ds%26vc%3De2wl&adj_fallback=https://foodpanda.pk/restaurant/e2wl/seth-jee-jinnah-avenue?utm_campaign=google_reserve_place_order_action_CH-SEO_&adj_redirect_macos=https://foodpanda.pk/restaurant/e2wl/seth-jee-jinnah-avenue?utm_campaign=google_reserve_place_order_action_CH-SEO_,,+92 332 7384533,,,958,"Family Restaurants Karachi, Pakistan"
The Owl's Nest Play Cafe - DHA,+92 21 35341669,"GF#2 6-C, Nishat Commercial Area, Lane 3, D.H.A Phase 6 Phase 6 Defence Housing Authority, Karachi, 75500, Pakistan",https://www.instagram.com/theowlsnestplaycafe/,Yes,https://foodpanda.pk/restaurant/ifw2/the-owls-nest-cafe?utm_source=google&utm_medium=organic&utm_campaign=google_reserve_place_order_action,,+92 21 35341669,,,141,"Family Restaurants Karachi, Pakistan"
Khao Galli,+92 325 4260000,"C8, Munawar Chowrangi Rd, Block 12 Gulistan-e-Johar, Karachi, 75330, Pakistan",,Yes,http://khaogalli.pk/,,+92 325 4260000,M.hasan11815@gmail.com,,1505,"Family Restaurants Karachi, Pakistan"
Royal Kitchen by HS,+92 336 6550033,"House C, 65/4 Street no 02, near NEW MADINA MASJID AND GOVERNMENT DISPENSARY, Punjab Colony, Karachi, 76500, Pakistan",,No,,,+92 336 6550033,,,2,"Family Restaurants Karachi, Pakistan"
"Al Habib Restaurant, Do Darya",+92 300 0210972,"Do Darya، Abdul Sattar Edhi Avenue Road, D.H.A. Phase 8 Zone C Phase 8 Defence Housing Authority, Karachi, 75500, Pakistan",https://www.facebook.com/alhabib.dodarya/menu,No,,,+92 300 0210972,,,1192,"Family Restaurants Karachi, Pakistan"
Karachi spice,7592287294,"V2MM+RQ6, Garden East Karachi, Pakistan",,No,,,7592287294,,,22,"Family Restaurants Karachi, Pakistan"
Daily Foods,+92 302 8227760,"Shop no. 05, Saima Shehzadi Palace, near sindh secretariat Karachi, Burns Road, Karachi, 74000, Pakistan",,Yes,https://foodpanda.pk/restaurant/x22k/daily-foods-x22k?utm_source=google&utm_medium=organic&utm_campaign=google_reserve_place_order_action,,+92 302 8227760,,,69,"Family Restaurants Karachi, Pakistan"
Al-Madina Shinwari Hotel,+92 315 2555527,"Tower, Al-Madina Shinwari Hotel, Machhi Miani Rd, opposite to Okhai Memon School, Machi, Ghulam Hussain Kasim Quarters, Karachi, 74000, Pakistan",,No,,,+92 315 2555527,,,164,"Family Restaurants Karachi, Pakistan"
New Karachi Restaurant,+92 333 7834362,"Plot, SA 41, Sector 3 New Karachi Town, Karachi, Pakistan",,No,,,+92 333 7834362,,,165,"Family Restaurants Karachi, Pakistan"
Alvigha Gulshan e Iqbal,+92 21 38893933,"A 295, Block 2 Gulshan-e-Iqbal, Karachi, Pakistan",,Yes,https://www.alvigha.com/,,+92 21 38893933,"alvigha.food@gmail.com, alvighaevents@gmail.com",,5680,"Family Restaurants Karachi, Pakistan"
New Little China Restaurant,+92 21 34521001,"Najeeb Corner, 172/P Tariq Rd, Block 2 P.E.C.H.S., Karachi, 74400, Pakistan",,Yes,https://foodpanda.pk/restaurant/ahkp/new-little-china?utm_source=google&utm_medium=organic&utm_campaign=google_reserve_place_order_action,,+92 21 34521001,,,718,"Family Restaurants Karachi, Pakistan"
Al Habib Restaurant,+92 333 3378677,"Karachi - Hyderabad Motorway, Gadap Town, Karachi, Pakistan",,No,,,+92 333 3378677,,,9055,"Family Restaurants Karachi, Pakistan"
Red Flame Restaurant,+92 303 0799907,"Shop No 3/4, Red Flame House number B, 137 Karachi, opposite His & Her Banquet, Block 11 Block 12 Gulistan-e-Johar, Karachi, Pakistan","https://www.facebook.com/foodpanda.pk/, https://www.instagram.com/foodpanda_pakistan/",Yes,https://www.foodpanda.pk/food-ordering?c=pk&s=s&vc=oo9l&adj_t=1naixy2v_1nsybtos&adj_campaign=google_reserve_place_order_action_CH-SEO_&adj_deep_link=foodpanda%3A%2F%2F%3Fc%3Dpk%26s%3Ds%26vc%3Doo9l&adj_fallback=https://foodpanda.pk/restaurant/oo9l/red-flame-oo9l?utm_campaign=google_reserve_place_order_action_CH-SEO_&adj_redirect_macos=https://foodpanda.pk/restaurant/oo9l/red-flame-oo9l?utm_campaign=google_reserve_place_order_action_CH-SEO_,https://www.foodpanda.pk/food-ordering?c=pk&s=s&vc=oo9l&adj_t=1naixy2v_1nsybtos&adj_campaign=google_reserve_place_order_action_CH-SEO_&adj_deep_link=foodpanda%3A%2F%2F%3Fc%3Dpk%26s%3Ds%26vc%3Doo9l&adj_fallback=https://foodpanda.pk/restaurant/oo9l/red-flame-oo9l?utm_campaign=google_reserve_place_order_action_CH-SEO_&adj_redirect_macos=https://foodpanda.pk/restaurant/oo9l/red-flame-oo9l?utm_campaign=google_reserve_place_order_action_CH-SEO_#main-content,+92 303 0799907,"20Appetit@2x.png, corporate@foodpanda.pk, help@sgroup.com, help@sgroup.com., support@foodora.no, u002FfdAPAC_header_img@3x.png, u002Fillustration_allowance@2x.png, u002Fillustration_later_allowance@2x.png, u002Fillustration_used_allowance@2x.png",,40,"Family Restaurants Karachi, Pakistan"
Zaitoon Restaurant and Grills,+92 306 2939049,"Gulshan E hadeed, Main N-5, Gulshan e Hadeed Phase 3 Bin Qasim Town, Karachi, Pakistan",https://facebook.com/pg/105659535771491/menu/,No,,,+92 306 2939049,,,2251,"Family Restaurants Karachi, Pakistan"
Dua Restaurant Maripur,+92 312 2121445,"Mauripur Rd, Hingorabad lyari, Karachi, Pakistan",,No,,,+92 312 2121445,,,3949,"Family Restaurants Karachi, Pakistan"
Charming Snack Bar - Clifton Branch,+92 344 2121404,"D, 14 Khaliq-uz-Zaman Rd, Block 8 Clifton, Karachi, 75600, Pakistan",,Yes,https://charmingsnackbar.com.pk/,,+92 344 2121404,"info@charmingsnacks.com, yasir_kashmiri_919@hotmail.com",,2216,"Family Restaurants Karachi, Pakistan"
New Al Jeddah Family Restaurants Superhighway,,"Karachi - Hyderabad Motorway, Gadap Town, Karachi, Pakistan",,No,,,,,,1970,"Family Restaurants Karachi, Pakistan"
Cherie Restaurant,+92 308 2355566,"Bukhari Commercial Area Phase 6 Defence Housing Authority, Karachi, 75500, Pakistan","https://www.facebook.com/foodpanda.pk/, https://www.instagram.com/foodpanda_pakistan/",Yes,https://www.foodpanda.pk/food-ordering?c=pk&s=s&vc=b9uo&adj_t=1naixy2v_1nsybtos&adj_campaign=google_reserve_place_order_action_CH-SEO_&adj_deep_link=foodpanda%3A%2F%2F%3Fc%3Dpk%26s%3Ds%26vc%3Db9uo&adj_fallback=https://foodpanda.pk/restaurant/b9uo/cherie-restaurant?utm_campaign=google_reserve_place_order_action_CH-SEO_&adj_redirect_macos=https://foodpanda.pk/restaurant/b9uo/cherie-restaurant?utm_campaign=google_reserve_place_order_action_CH-SEO_,https://www.foodpanda.pk/food-ordering?c=pk&s=s&vc=b9uo&adj_t=1naixy2v_1nsybtos&adj_campaign=google_reserve_place_order_action_CH-SEO_&adj_deep_link=foodpanda%3A%2F%2F%3Fc%3Dpk%26s%3Ds%26vc%3Db9uo&adj_fallback=https://foodpanda.pk/restaurant/b9uo/cherie-restaurant?utm_campaign=google_reserve_place_order_action_CH-SEO_&adj_redirect_macos=https://foodpanda.pk/restaurant/b9uo/cherie-restaurant?utm_campaign=google_reserve_place_order_action_CH-SEO_#main-content,+92 308 2355566,"20Appetit@2x.png, corporate@foodpanda.pk, help@sgroup.com, help@sgroup.com., support@foodora.no, u002FfdAPAC_header_img@3x.png, u002Fillustration_allowance@2x.png, u002Fillustration_later_allowance@2x.png, u002Fillustration_used_allowance@2x.png",,114,"Family Restaurants Karachi, Pakistan"
Indus Foods,+92 21 35343102,"Khadda Market, 9-C Stadium Lane 2, DHA Phase 5 Stadium Commercial Area Defence V Defence Housing Authority, Karachi, 75500, Pakistan","https://www.facebook.com/foodpanda.pk/, https://www.instagram.com/foodpanda_pakistan/",Yes,https://www.foodpanda.pk/food-ordering?c=pk&s=s&vc=t4ke&adj_t=1naixy2v_1nsybtos&adj_campaign=google_reserve_place_order_action_CH-SEO_&adj_deep_link=foodpanda%3A%2F%2F%3Fc%3Dpk%26s%3Ds%26vc%3Dt4ke&adj_fallback=https://foodpanda.pk/restaurant/t4ke/indus-foods-indus-biryani?utm_campaign=google_reserve_place_order_action_CH-SEO_&adj_redirect_macos=https://foodpanda.pk/restaurant/t4ke/indus-foods-indus-biryani?utm_campaign=google_reserve_place_order_action_CH-SEO_,https://www.foodpanda.pk/food-ordering?c=pk&s=s&vc=t4ke&adj_t=1naixy2v_1nsybtos&adj_campaign=google_reserve_place_order_action_CH-SEO_&adj_deep_link=foodpanda%3A%2F%2F%3Fc%3Dpk%26s%3Ds%26vc%3Dt4ke&adj_fallback=https://foodpanda.pk/restaurant/t4ke/indus-foods-indus-biryani?utm_campaign=google_reserve_place_order_action_CH-SEO_&adj_redirect_macos=https://foodpanda.pk/restaurant/t4ke/indus-foods-indus-biryani?utm_campaign=google_reserve_place_order_action_CH-SEO_#main-content,+92 21 35343102,"20Appetit@2x.png, corporate@foodpanda.pk, help@sgroup.com, help@sgroup.com., support@foodora.no, u002FfdAPAC_header_img@3x.png, u002Fillustration_allowance@2x.png, u002Fillustration_later_allowance@2x.png, u002Fillustration_used_allowance@2x.png",,1642,"Family Restaurants Karachi, Pakistan"
Dehli Kabab House Burns road,+92 306 2204140,"V248+RFQ, Burns Road, Karachi, Pakistan","https://www.facebook.com/foodpanda.pk/, https://www.instagram.com/foodpanda_pakistan/",Yes,https://www.foodpanda.pk/food-ordering?c=pk&s=s&vc=s3nw&adj_t=1naixy2v_1nsybtos&adj_campaign=google_reserve_place_order_action_CH-SEO_&adj_deep_link=foodpanda%3A%2F%2F%3Fc%3Dpk%26s%3Ds%26vc%3Ds3nw&adj_fallback=https://foodpanda.pk/restaurant/s3nw/new-dehli-gola-kabab-house?utm_campaign=google_reserve_place_order_action_CH-SEO_&adj_redirect_macos=https://foodpanda.pk/restaurant/s3nw/new-dehli-gola-kabab-house?utm_campaign=google_reserve_place_order_action_CH-SEO_,https://www.foodpanda.pk/food-ordering?c=pk&s=s&vc=s3nw&adj_t=1naixy2v_1nsybtos&adj_campaign=google_reserve_place_order_action_CH-SEO_&adj_deep_link=foodpanda%3A%2F%2F%3Fc%3Dpk%26s%3Ds%26vc%3Ds3nw&adj_fallback=https://foodpanda.pk/restaurant/s3nw/new-dehli-gola-kabab-house?utm_campaign=google_reserve_place_order_action_CH-SEO_&adj_redirect_macos=https://foodpanda.pk/restaurant/s3nw/new-dehli-gola-kabab-house?utm_campaign=google_reserve_place_order_action_CH-SEO_#main-content,+92 306 2204140,"20Appetit@2x.png, corporate@foodpanda.pk, help@sgroup.com, help@sgroup.com., support@foodora.no, u002FfdAPAC_header_img@3x.png, u002Fillustration_allowance@2x.png, u002Fillustration_later_allowance@2x.png, u002Fillustration_used_allowance@2x.png",,43,"Family Restaurants Karachi, Pakistan"
Cafe Ignite,+92 21 36996688,"Sector 16 A Buffer Zone, Karachi, Pakistan",,Yes,https://cafeignite.com/,,+92 21 36996688,,,1093,"Family Restaurants Karachi, Pakistan"
Ziafat Restaurant,5719918211,"Plot 47 C, Commercial Area A Phase 2 Defence Housing Authority, Karachi, 75500, Pakistan",,No,,,5719918211,,,2,"Family Restaurants Karachi, Pakistan"
Agha Sajji & BBQ Corner,+92 321 8378712,"Shahrah-e-Liaquat, Gari Khata, Karachi, Pakistan",,Yes,https://www.foodpanda.pk/food-ordering?c=pk&s=s&vc=q0yg&adj_t=1naixy2v_1nsybtos&adj_campaign=google_reserve_place_order_action_CH-SEO_&adj_deep_link=foodpanda%3A%2F%2F%3Fc%3Dpk%26s%3Ds%26vc%3Dq0yg&adj_fallback=https://foodpanda.pk/restaurant/q0yg/agha-sajji-and-bar-b-q-corner?utm_campaign=google_reserve_place_order_action_CH-SEO_&adj_redirect_macos=https://foodpanda.pk/restaurant/q0yg/agha-sajji-and-bar-b-q-corner?utm_campaign=google_reserve_place_order_action_CH-SEO_,,+92 321 8378712,,,409,"Family Restaurants Karachi, Pakistan"
Areca Café & Restaurant,+92 349 8926088,"Plot No B-54, 13F, KDA Scheme 36 Block 1 Gulistan-e-Johar, Karachi, 75850, Pakistan",,No,,,+92 349 8926088,,,525,"Family Restaurants Karachi, Pakistan"
SOHO Cafe & Grill,+92 320 2503498,"House No 27, 2, near Kuwaiti Embassy, Block 4 Clifton, Karachi, 75500, Pakistan",https://www.instagram.com/p/DWjhQIikqSC/?igsh=OGo3aWFzZzJiMWJy,Yes,https://www.foodpanda.pk/food-ordering?c=pk&s=s&vc=xa0e&adj_t=1naixy2v_1nsybtos&adj_campaign=google_reserve_place_order_action_CH-SEO_&adj_deep_link=foodpanda%3A%2F%2F%3Fc%3Dpk%26s%3Ds%26vc%3Dxa0e&adj_fallback=https://foodpanda.pk/restaurant/xa0e/soho-cafe-and-grill?utm_campaign=google_reserve_place_order_action_CH-SEO_&adj_redirect_macos=https://foodpanda.pk/restaurant/xa0e/soho-cafe-and-grill?utm_campaign=google_reserve_place_order_action_CH-SEO_,,+92 320 2503498,,,155,"Family Restaurants Karachi, Pakistan"
Khan Saab Restaurant,+92 311 1122677,"Survey plot 28,29, 30 Karachi - Hyderabad Mtwy, beside daewoo bus stop, Sector 3B Gulzar E Hijri Scheme 33, Karachi, 75330, Pakistan",http://www.facebook.com/khansaabhighway,No,,,+92 311 1122677,,,6368,"Family Restaurants Karachi, Pakistan"
Kababjees Restaurant & Bakers - Super Highway,+92 327 3605448,"X4F9+V8G Scheme 33, Sector 4 B Gulzar E Hijri Scheme 33, Karachi, Pakistan",,Yes,https://foodpanda.pk/restaurant/m2re/kababjees-highway?utm_source=google&utm_medium=organic&utm_campaign=google_reserve_place_order_action,,+92 327 3605448,,,7753,"Family Restaurants Karachi, Pakistan"
Soul Bistro,+92 325 3664196,"Plot no B-4, 33 Kiran Hospital Rd, Al-Muslim Cooperative housing society Al Muslim Society Sector 34 A Scheme, Karachi, 75330, Pakistan",,Yes,https://www.foodpanda.pk/food-ordering?c=pk&s=s&vc=nbek&adj_t=1naixy2v_1nsybtos&adj_campaign=google_reserve_place_order_action_CH-SEO_&adj_deep_link=foodpanda%3A%2F%2F%3Fc%3Dpk%26s%3Ds%26vc%3Dnbek&adj_fallback=https://foodpanda.pk/restaurant/nbek/soul-bistro?utm_campaign=google_reserve_place_order_action_CH-SEO_&adj_redirect_macos=https://foodpanda.pk/restaurant/nbek/soul-bistro?utm_campaign=google_reserve_place_order_action_CH-SEO_,,+92 325 3664196,,,150,"Family Restaurants Karachi, Pakistan"
Arabian Grill Night,+92 337 4950505,"A 10 Gulzar e hijri, Lawyers' Colony Sbp Society Sector 17 A Gulzar E Hijri Scheme 33, Karachi, 75300, Pakistan",,No,,,+92 337 4950505,,,1816,"Family Restaurants Karachi, Pakistan"
REHMAN BIRYANI | BurnsRoad,+92 333 0550559,"Shop no 02, near Fresco Chowk, Burns Road, Karachi, Pakistan",,No,,,+92 333 0550559,,,33,"Family Restaurants Karachi, Pakistan"
N.A.S.Foods,4337304441,"R2GW+5XQ, Lower Gizri P&T Colony, Karachi, 75600, Pakistan",,Yes,https://www.foodpanda.pk/food-ordering?c=pk&s=s&vc=dgt3&adj_t=1naixy2v_1nsybtos&adj_campaign=google_reserve_place_order_action_CH-SEO_&adj_deep_link=foodpanda%3A%2F%2F%3Fc%3Dpk%26s%3Ds%26vc%3Ddgt3&adj_fallback=https://foodpanda.pk/restaurant/dgt3/nas-home-food?utm_campaign=google_reserve_place_order_action_CH-SEO_&adj_redirect_macos=https://foodpanda.pk/restaurant/dgt3/nas-home-food?utm_campaign=google_reserve_place_order_action_CH-SEO_,,4337304441,,,5,"Family Restaurants Karachi, Pakistan"
Kababjees Fried Chicken Jinnah Avenue,+92 316 2676640,"Plot# 115-A, Alamgir Road, Model Colony Sheet 27 Model Colony, Karachi, Pakistan",,Yes,https://www.foodpanda.pk/food-ordering?c=pk&s=s&vc=sa9m&adj_t=1naixy2v_1nsybtos&adj_campaign=google_reserve_place_order_action_CH-SEO_&adj_deep_link=foodpanda%3A%2F%2F%3Fc%3Dpk%26s%3Ds%26vc%3Dsa9m&adj_fallback=https://foodpanda.pk/restaurant/sa9m/kababjees-fried-chicken-jinnah-avenue?utm_campaign=google_reserve_place_order_action_CH-SEO_&adj_redirect_macos=https://foodpanda.pk/restaurant/sa9m/kababjees-fried-chicken-jinnah-avenue?utm_campaign=google_reserve_place_order_action_CH-SEO_,,+92 316 2676640,,,1412,"Family Restaurants Karachi, Pakistan"
Karachi Halwa Lea Market,3686761645,"V252+6MC Juna Market۔ جونا مارکیٹ, River Street, Sarafa Bazaar Napier Quarter, Karachi, Pakistan",,No,,,3686761645,,,210,"Family Restaurants Karachi, Pakistan"
Karachi Broast Saddar,+92 21 35622007,"138 Frere Rd, Artillery Maidan, Karachi, 74400, Pakistan",,Yes,http://website-3730661649701601606150-restaurant.business.site/,,+92 21 35622007,,,329,"Family Restaurants Karachi, Pakistan"
New,,"Napier Quarter, Karachi, Pakistan",,No,,,,,,526,"Family Restaurants Karachi, Pakistan"
Ghousia Silver Spoon,+92 303 3635554,"Federal B Area Hussainabad Block 3 Gulberg Town, Karachi, Pakistan",,Yes,https://www.foodpanda.pk/food-ordering?c=pk&s=s&vc=t6ul&adj_t=1naixy2v_1nsybtos&adj_campaign=google_reserve_place_order_action_CH-SEO_&adj_deep_link=foodpanda%3A%2F%2F%3Fc%3Dpk%26s%3Ds%26vc%3Dt6ul&adj_fallback=https://foodpanda.pk/restaurant/t6ul/ghousia-silver-spoon-hussainabad?utm_campaign=google_reserve_place_order_action_CH-SEO_&adj_redirect_macos=https://foodpanda.pk/restaurant/t6ul/ghousia-silver-spoon-hussainabad?utm_campaign=google_reserve_place_order_action_CH-SEO_,,+92 303 3635554,,,931,"Family Restaurants Karachi, Pakistan"
Ghalib Restaurant Karachi,+92 21 111 442 542,"Shahrah-e-Faisal Service Rd N, Karachi Memon Co-operative Housing Society Karachi Memon Society P.E.C.H.S., Karachi, Pakistan",,Yes,https://foodpanda.pk/restaurant/nznu/ghalib-restaurant?utm_source=google&utm_medium=organic&utm_campaign=google_reserve_place_order_action,,+92 21 111 442 542,,,3725,"Fine Dining Restaurants Karachi, Pakistan"
Chaupal - Seaview,+92 304 1110024,"Abdul Sattar Edhi Ave, Phase 6 Defence Housing Authority, Karachi, 75500, Pakistan",,Yes,https://www.foodpanda.pk/food-ordering?c=pk&s=s&vc=y4hh&adj_t=1naixy2v_1nsybtos&adj_campaign=google_reserve_place_order_action_CH-SEO_&adj_deep_link=foodpanda%3A%2F%2F%3Fc%3Dpk%26s%3Ds%26vc%3Dy4hh&adj_fallback=https://foodpanda.pk/restaurant/y4hh/chaupal-seaview?utm_campaign=google_reserve_place_order_action_CH-SEO_&adj_redirect_macos=https://foodpanda.pk/restaurant/y4hh/chaupal-seaview?utm_campaign=google_reserve_place_order_action_CH-SEO_,,+92 304 1110024,,,2629,"Fine Dining Restaurants Karachi, Pakistan"
Evergreen Cafe,+92 21 35841288,"45-C, 45c Khayaban-e-Seher, D.H.A Phase 6 Shahbaz Commercial Area Phase 6 Defence Housing Authority, Karachi, 75500, Pakistan",,Yes,http://www.evergreenfoods.pk/,,+92 21 35841288,,,1580,"Fine Dining Restaurants Karachi, Pakistan"
Fuchsia Urban Thai,+92 307 3824742,"D 141, Block 4 Clifton, Karachi, 74600, Pakistan",https://www.facebook.com/fuchsiapk/menu/?id=100064732534784&sk=menu,Yes,http://www.fuchsiapk.com/orderonlinekhi,,+92 307 3824742,,,1122,"Fine Dining Restaurants Karachi, Pakistan"
Nando's Boat Basin,+92 21 111 626 367,"15, Block 7, Showroom, Boat Basin، Q.M. Building BC، 2، KDA Scheme 5 Kehkashan Block 7 Clifton, Karachi, 75600, Pakistan","https://twitter.com/nandospakistan, https://www.facebook.com/nandospak, https://www.instagram.com/nandospakistan/?hl=en, https://www.twitter.com/nandospakistan",Yes,http://www.nandos.pk/,http://www.nandos.pk/eat/menu,+92 21 111 626 367,,,1536,"Fine Dining Restaurants Karachi, Pakistan"
Cafe Chatterbox,+92 21 35156019,"58 C, 58 C Khayaban-e-Muslim, D.H.A Phase 6 Bukhari Commercial Area Phase 6 Defence Housing Authority, Karachi, 75500, Pakistan",https://www.chatterbox.com.pk/,No,,,+92 21 35156019,,,2579,"Fine Dining Restaurants Karachi, Pakistan"
The Vegas Studio,+92 311 1183427,"F, 44, Scheme 5 Block 4 Clifton, Karachi, Pakistan",,Yes,https://www.foodpanda.pk/food-ordering?c=pk&s=s&vc=enod&adj_t=1naixy2v_1nsybtos&adj_campaign=google_reserve_place_order_action_CH-SEO_&adj_deep_link=foodpanda%3A%2F%2F%3Fc%3Dpk%26s%3Ds%26vc%3Denod&adj_fallback=https://foodpanda.pk/restaurant/enod/the-vegas-studio-enod?utm_campaign=google_reserve_place_order_action_CH-SEO_&adj_redirect_macos=https://foodpanda.pk/restaurant/enod/the-vegas-studio-enod?utm_campaign=google_reserve_place_order_action_CH-SEO_,,+92 311 1183427,,,1458,"Fine Dining Restaurants Karachi, Pakistan"
Xander's DHA Bukhari,+92 21 35250408,"48-C, Bukhari Commercial, Lane 13، Main Khayaban-e-Shujaat, Bukhari Commercial Area Phase 6 Defence Housing Authority, Karachi, 75600, Pakistan",,Yes,https://foodpanda.pk/restaurant/t1ay/xanders-bukhari?utm_source=google&utm_medium=organic&utm_campaign=google_reserve_place_order_action,,+92 21 35250408,,,3711,"Fine Dining Restaurants Karachi, Pakistan"
Meat The Cheese,+92 311 1243373,"Tipu Sultan Rd, Karachi Memon Co-operative Housing Society Karachi Memon Society P.E.C.H.S., Karachi, 75350, Pakistan",https://m.facebook.com/MeatTheCheeseOfficial/,Yes,https://www.foodpanda.pk/food-ordering?c=pk&s=s&vc=r9am&adj_t=1naixy2v_1nsybtos&adj_campaign=google_reserve_place_order_action_CH-SEO_&adj_deep_link=foodpanda%3A%2F%2F%3Fc%3Dpk%26s%3Ds%26vc%3Dr9am&adj_fallback=https://foodpanda.pk/restaurant/r9am/meat-the-cheese-tipu-sultan?utm_campaign=google_reserve_place_order_action_CH-SEO_&adj_redirect_macos=https://foodpanda.pk/restaurant/r9am/meat-the-cheese-tipu-sultan?utm_campaign=google_reserve_place_order_action_CH-SEO_,,+92 311 1243373,,,2530,"Fine Dining Restaurants Karachi, Pakistan"
POMO Neapolitan Pizzeria,+92 21 35171456,"44-C Ln 4, D.H.A Phase 6 Shahbaz Commercial Area Phase 6 Defence Housing Authority, Karachi, 75500, Pakistan",,Yes,https://foodpanda.pk/restaurant/u2mo/pomo?utm_source=google&utm_medium=organic&utm_campaign=google_reserve_place_order_action,,+92 21 35171456,,,844,"Fine Dining Restaurants Karachi, Pakistan"
Mandi Al Khaleej,+92 21 34328870,"Shop No, Saima Liberty, 07 Allama Iqbal Rd, Block 2 P.E.C.H.S., Karachi, 75400, Pakistan",,Yes,https://mandialkhaleej.com/,,+92 21 34328870,mandialkhaleej@gmail.com,,1631,"Fine Dining Restaurants Karachi, Pakistan"
Oyster Bay,+92 335 1110022,"Shop 2, 39-C Khayaban-e-Seher, D.H.A Phase 6 Shahbaz Commercial Area Phase 6 Defence Housing Authority, Karachi, 75500, Pakistan",,Yes,https://foodpanda.pk/restaurant/qjci/oyster-bay?utm_source=google&utm_medium=organic&utm_campaign=google_reserve_place_order_action,,+92 335 1110022,,,450,"Fine Dining Restaurants Karachi, Pakistan"
Espresso Shahbaz DHA,+92 21 111 393 377,"Ground Floor, 7-C Khayaban-e-Shahbaz, Main Shahbaz Commercial Area Shahbaz Commercial Area Phase 6 Defence Housing Authority, Karachi, 75500, Pakistan",,Yes,https://orders.espresso.pk/,,+92 21 111 393 377,info@espresso.com.pk,,2412,"Fine Dining Restaurants Karachi, Pakistan"
Saltage Steakhouse,+92 321 7258243,"25-C Nishat Lane 1, Facing, Khayaban-e-Nishat, Phase 6 Defence Housing Authority, Karachi, 75500, Pakistan",http://www.facebook.com/saltagesteakhouse,Yes,https://www.foodpanda.pk/food-ordering?c=pk&s=s&vc=t6g6&adj_t=1naixy2v_1nsybtos&adj_campaign=google_reserve_place_order_action_CH-SEO_&adj_deep_link=foodpanda%3A%2F%2F%3Fc%3Dpk%26s%3Ds%26vc%3Dt6g6&adj_fallback=https://foodpanda.pk/restaurant/t6g6/saltage-steakhouse?utm_campaign=google_reserve_place_order_action_CH-SEO_&adj_redirect_macos=https://foodpanda.pk/restaurant/t6g6/saltage-steakhouse?utm_campaign=google_reserve_place_order_action_CH-SEO_,,+92 321 7258243,,,450,"Fine Dining Restaurants Karachi, Pakistan"
Lals Patisserie - Khy-e-Shahbaz,+92 304 1115257,"5-C, Khayaban-e-Shahbaz, Main Shahbaz Commercial Area Shahbaz Commercial Area Phase 6 Defence Housing Authority, Karachi, 75500, Pakistan","https://www.facebook.com/LALSchocolates, https://www.facebook.com/LALSchocolates/menu/?ref=page_internal, https://www.instagram.com/lalschocolates/",Yes,https://www.lalschocolates.com/,https://www.lalschocolates.com/collections/free-delivery,+92 304 1115257,"Untitled-2_140x@2x.png, Untitled-2_180x@2x.png, careers@lals.com.pk, customercare@lalschocolates.com, khudaijalalas@gmail.com, logo-lals_140x@2x.webp, logo-lals_180x@2x.webp, marketing@lalschocolates.com",,1321,"Fine Dining Restaurants Karachi, Pakistan"
FLOC - for the love of coffee,+92 303 3263333,"10th Commercial Ln, DHA Phase 5 Zamzama Commercial Area Defence V Karachi, 75500, Pakistan",,Yes,https://foodpanda.pk/restaurant/t2ke/floc?utm_source=google&utm_medium=organic&utm_campaign=google_reserve_place_order_action,,+92 303 3263333,,,1549,"Fine Dining Restaurants Karachi, Pakistan"
Real Taste Istanbul Grill,+92 349 9646695,"Gadap Town, Karachi, Pakistan",https://www.facebook.com/istanbulgrill.pk/menu,No,,,+92 349 9646695,,,567,"Fine Dining Restaurants Karachi, Pakistan"
The Carnivore Karachi,+92 332 3665555,"46-C, Khayaban-e-Shahbaz, D.H.A Phase 6 Shahbaz Commercial Area Phase 6 DHA Karachi, Karachi, 75500, Pakistan",,Yes,https://thecarnivore.com.pk/our-menu/,,+92 332 3665555,,,4680,"Fine Dining Restaurants Karachi, Pakistan"
Springs Cafe,+92 331 7774652,"Tipu Sultan Rd, Karachi Memon Co-operative Housing Society Jinnah Housing Society Karachi, Pakistan",,Yes,https://www.foodpanda.pk/food-ordering?c=pk&s=s&vc=t95a&adj_t=1naixy2v_1nsybtos&adj_campaign=google_reserve_place_order_action_CH-SEO_&adj_deep_link=foodpanda%3A%2F%2F%3Fc%3Dpk%26s%3Ds%26vc%3Dt95a&adj_fallback=https://foodpanda.pk/restaurant/t95a/springs-bakery-tipu-sultan?utm_campaign=google_reserve_place_order_action_CH-SEO_&adj_redirect_macos=https://foodpanda.pk/restaurant/t95a/springs-bakery-tipu-sultan?utm_campaign=google_reserve_place_order_action_CH-SEO_,,+92 331 7774652,,,1334,"Fine Dining Restaurants Karachi, Pakistan"
Al-Naz Biryani الناز بریانی,+92 300 3374309,"Delhi Colony, Karachi, 75500, Pakistan",,Yes,https://www.foodpanda.pk/food-ordering?c=pk&s=s&vc=w6dz&adj_t=1naixy2v_1nsybtos&adj_campaign=google_reserve_place_order_action_CH-SEO_&adj_deep_link=foodpanda%3A%2F%2F%3Fc%3Dpk%26s%3Ds%26vc%3Dw6dz&adj_fallback=https://foodpanda.pk/restaurant/w6dz/al-naz-biryani-delhi-colony?utm_campaign=google_reserve_place_order_action_CH-SEO_&adj_redirect_macos=https://foodpanda.pk/restaurant/w6dz/al-naz-biryani-delhi-colony?utm_campaign=google_reserve_place_order_action_CH-SEO_,,+92 300 3374309,,,449,"Fine Dining Restaurants Karachi, Pakistan"
Rich Food Sri Lankan Food Restaurant,+92 311 1134999,"47-C Street# 5, 7 ext, Phase Khalid Commercial Area Phase 7 Ext Defence Housing Authority, Karachi, 75500, Pakistan",,Yes,https://foodpanda.pk/restaurant/zffu/rich-food-restaurant?utm_source=google&utm_medium=organic&utm_campaign=google_reserve_place_order_action,,+92 311 1134999,,,129,"Fine Dining Restaurants Karachi, Pakistan"
Pahelvi Restaurant,8246735751,"V27F+WXX, Muhammad Ali Jinnah Rd, Preedy Quarters Karachi, Pakistan",,No,,,8246735751,,,121,"Fine Dining Restaurants Karachi, Pakistan"
Mukhtiyar Hotel,+92 302 2916743,"R3W2+MJF, Kala Pull Rd, Pakistan Railways Housing Society Karachi Cantonment, Karachi, Pakistan",,No,,,+92 302 2916743,,,685,"Fine Dining Restaurants Karachi, Pakistan"
Ember Lounge,+92 312 2367576,"a-8 fl, 3, Block 5 Clifton, Karachi, Karachi City, Sindh 75540, Block 5 Clifton, Karachi, 75600, Pakistan",,No,,,+92 312 2367576,,,21,"Fine Dining Restaurants Karachi, Pakistan"
Prime 109 - Steak and Chops,+92 307 0600666,"Shop #1, 13-C Khayaban-e-Nishat, D.H.A Phase 6 Phase 6 Defence Housing Authority, Karachi, 75500, Pakistan",,No,,,+92 307 0600666,,,957,"Fine Dining Restaurants Karachi, Pakistan"
Kababjees Express۔ کباب جیز ایکسپریس,+92 21 111 666 111,"Amber Plaza, Bukhari Rd, Sindhi Muslim Cooperative Housing Society Block A Sindhi Muslim CHS (SMCHS), Karachi, Pakistan",,Yes,https://www.foodpanda.pk/food-ordering?c=pk&s=s&vc=ez9x&adj_t=1naixy2v_1nsybtos&adj_campaign=google_reserve_place_order_action_CH-SEO_&adj_deep_link=foodpanda%3A%2F%2F%3Fc%3Dpk%26s%3Ds%26vc%3Dez9x&adj_fallback=https://foodpanda.pk/restaurant/ez9x/kababjees-express-sindhi-muslim?utm_campaign=google_reserve_place_order_action_CH-SEO_&adj_redirect_macos=https://foodpanda.pk/restaurant/ez9x/kababjees-express-sindhi-muslim?utm_campaign=google_reserve_place_order_action_CH-SEO_,,+92 21 111 666 111,,,312,"Fine Dining Restaurants Karachi, Pakistan"
Nami Zumi,12703609475,"9 Abdullah Haroon Rd, Civil Lines Karachi, Pakistan",https://www.instagram.com/morecravings/,Yes,https://www.morecravings.com/en/venues/nami-zumi,,12703609475,,,44,"Fine Dining Restaurants Karachi, Pakistan"
Taj Peshawari,+92 21 32541865,"Shah Waliullah Rd, Dharamsala Kharadar, Karachi, Pakistan",,Yes,https://www.foodpanda.pk/food-ordering?c=pk&s=s&vc=glzt&adj_t=1naixy2v_1nsybtos&adj_campaign=google_reserve_place_order_action_CH-SEO_&adj_deep_link=foodpanda%3A%2F%2F%3Fc%3Dpk%26s%3Ds%26vc%3Dglzt&adj_fallback=https://foodpanda.pk/restaurant/glzt/taj-peshawari-restaurant-kharadar-glzt?utm_campaign=google_reserve_place_order_action_CH-SEO_&adj_redirect_macos=https://foodpanda.pk/restaurant/glzt/taj-peshawari-restaurant-kharadar-glzt?utm_campaign=google_reserve_place_order_action_CH-SEO_,,+92 21 32541865,,,371,"Fine Dining Restaurants Karachi, Pakistan"
Mailma Restaurant,+92 300 0059557,"Block 7, G, FL8 7, Block 7 shan -e- Iqbal, Karachi, 75300, Pakistan",https://www.instagram.com/s/aGlnaGxpZ2h0OjE4MDA4Mzk3ODgxNTIwMzk5?igsh=MTN0ODBia2E1cWltcQ==,Yes,https://mailmarestaurant.pk/,,+92 300 0059557,mailma@gmail.com,,2231,"Fine Dining Restaurants Karachi, Pakistan"
Premo By Xanders,+92 349 7977366,"Plot 18C E St, inside Bank Alfalah Digital, DHA Phase 5 Zamzama Commercial Area Defence V Defence Housing Authority, Karachi, Sindh 75500, 22c 2nd Zamzama Ln, DHA Phase 5 Zamzama Commercial Area Defence V Karachi, 75600, Pakistan",,Yes,https://foodpanda.pk/restaurant/amxk/premo-by-xanders?utm_source=google&utm_medium=organic&utm_campaign=google_reserve_place_order_action,,+92 349 7977366,,,259,"Fine Dining Restaurants Karachi, Pakistan"
Burger O'Clock - I.I. Chundrigarh,+92 21 111 432 532,"Room 510, 5th Floor, I.I Chundrigar Rd, Seari Quarters, Karachi, 74200, Pakistan",,Yes,https://burgeroclock.com.pk/,,+92 21 111 432 532,feedback@burgeroclock.pk,,1426,"Fine Dining Restaurants Karachi, Pakistan"
Cafe Victory,+92 21 32411652,"V224+6WG, Hasrat Mohani Rd, Seari Quarters, Karachi, Pakistan",,Yes,https://www.foodpanda.pk/food-ordering?c=pk&s=s&vc=t4st&adj_t=1naixy2v_1nsybtos&adj_campaign=google_reserve_place_order_action_CH-SEO_&adj_deep_link=foodpanda%3A%2F%2F%3Fc%3Dpk%26s%3Ds%26vc%3Dt4st&adj_fallback=https://foodpanda.pk/restaurant/t4st/cafe-victory-and-chullu-kabab-house?utm_campaign=google_reserve_place_order_action_CH-SEO_&adj_redirect_macos=https://foodpanda.pk/restaurant/t4st/cafe-victory-and-chullu-kabab-house?utm_campaign=google_reserve_place_order_action_CH-SEO_,,+92 21 32411652,,,180,"Fine Dining Restaurants Karachi, Pakistan"
Magic Hotpot Ocean Chapter,+92 343 2611181,"St 5 a, b, main Khayaban-e-Iqbal, near Ocean Towers, Block 9 Clifton, Karachi, 75600, Pakistan",,No,,,+92 343 2611181,,,31,"Fine Dining Restaurants Karachi, Pakistan"
75 Degrees Hot,+92 311 0350075,"D.H.A Phase 6 Nishat Commercial Area Phase 6 Defence Housing Authority, Karachi, 75500, Pakistan",,Yes,https://foodpanda.pk/restaurant/u5gy/75-degrees-hot?utm_source=google&utm_medium=organic&utm_campaign=google_reserve_place_order_action,,+92 311 0350075,,,294,"Fine Dining Restaurants Karachi, Pakistan"
Pizza Deals in Karachi at Itzza Pitzza,+92 333 2322590,"Shop 13, Block 5, Boatbasin, Block 5 Clifton, Karachi, 75600, Pakistan",,Yes,https://itzzapitzza.pk/menu,,+92 333 2322590,,,79,"Fine Dining Restaurants Karachi, Pakistan"
Yu Shi Restaurant,+92 21 99242600,"V5V4+P7Q, Star Gate Rd, Faisal Cantonment, Karachi, Pakistan",,Yes,http://www.ramada.com/,,+92 21 99242600,,,93,"Fine Dining Restaurants Karachi, Pakistan"
Lal Sahab Restaurant لال صاحب ریسٹورنٹ,+92 300 2179165,"Shahrah-e-Liaquat, Gari Khata, Karachi, Pakistan",,No,,,+92 300 2179165,,,34,"Fine Dining Restaurants Karachi, Pakistan"
Desi Baloch hotel,+92 308 2728882,"C-15 21st Commercial St, D.H.A Phase II Extension Phase 2 Commercial Area Defence Housing Authority, Karachi, 75500, Pakistan",,No,,,+92 308 2728882,,,32,"Fine Dining Restaurants Karachi, Pakistan"
Chowpatty Chaat,+92 336 2069002,"Saddar Karachi, 74400, Pakistan",,Yes,https://www.foodpanda.pk/food-ordering?c=pk&s=s&vc=v6rg&adj_t=1naixy2v_1nsybtos&adj_campaign=google_reserve_place_order_action_CH-SEO_&adj_deep_link=foodpanda%3A%2F%2F%3Fc%3Dpk%26s%3Ds%26vc%3Dv6rg&adj_fallback=https://foodpanda.pk/restaurant/v6rg/chowpatty-chaat-bohri-bazar?utm_campaign=google_reserve_place_order_action_CH-SEO_&adj_redirect_macos=https://foodpanda.pk/restaurant/v6rg/chowpatty-chaat-bohri-bazar?utm_campaign=google_reserve_place_order_action_CH-SEO_,,+92 336 2069002,,,20,"Fine Dining Restaurants Karachi, Pakistan"
Balochi Sajji & Koyla Karahi,+92 345 2448886,"17 A, Boat Basin, Sea Breeze Centre, Block 5 Clifton, Karachi, 75600, Pakistan",,Yes,http://www.boatbasin.pk/balochisajji,,+92 345 2448886,,,199,"Fine Dining Restaurants Karachi, Pakistan"
Muslim Gymkhana Restaurant,7113960964,"V23C+MP2, Court Rd, Saddar Civil Lines, Karachi, Pakistan",,No,,,7113960964,,,8,"Fine Dining Restaurants Karachi, Pakistan"
Al Rehmania restaurant,,"Bam Bridge Rd, Nanak Wara Adhumal Oodharam Quarter, Karachi, Pakistan",,No,,,,,,65,"Fine Dining Restaurants Karachi, Pakistan"
"13th Street Pizza - DHA, Karachi",+92 306 3444999,"PH-2, Plot No 36-C, Shop, No 2 21st Commercial St, Phase 2 Commercial Area DHA Karachi, Karachi, 75500, Pakistan",,No,,,+92 306 3444999,,,44,"Fine Dining Restaurants Karachi, Pakistan"
Seafront - BBQ & Grill,+92 21 111 254 111,"RXRW+X3V, Karachi, Pakistan",,No,,,+92 21 111 254 111,,,68,"Fine Dining Restaurants Karachi, Pakistan"
New Al fatima foods N.A Foods,+92 310 0104618,"Phase 2 Commercial Area Defence Housing Authority, Karachi, 75500, Pakistan",,No,,,+92 310 0104618,,,99,"Fine Dining Restaurants Karachi, Pakistan"
Ghousia Halwa Puri,4309662399,"GK 2/30 Paria St, Kharadar Ghulam Hussain Kasim Quarters, Karachi, Pakistan",,Yes,https://foodpanda.pk/restaurant/w3xo/al-ghousia-halwa-puri?utm_source=google&utm_medium=organic&utm_campaign=google_reserve_place_order_action,,4309662399,,,120,"Fine Dining Restaurants Karachi, Pakistan"
Do talwaar daal chawal stall,+92 342 1299670,"R2FM+5X7, Block 9 Clifton, Karachi, 75500, Pakistan",,No,,,+92 342 1299670,,,13,"Fine Dining Restaurants Karachi, Pakistan"
Cafe Bites,+92 333 3007523,"Cafe Bites Near Chase Up Mini Atma Ram Pritam Das Road Moosa Lane, Lyari Karachi, 74000, Pakistan",,Yes,https://foodpanda.pk/restaurant/kukc/cafe-bites-kukc?utm_source=google&utm_medium=organic&utm_campaign=google_reserve_place_order_action,,+92 333 3007523,,,324,"Fine Dining Restaurants Karachi, Pakistan"
Chandio village punjab chowrangi,6869625894,"R2JV+FW8, Delhi Colony, Karachi, 75500, Pakistan",,No,,,6869625894,,,15,"Fine Dining Restaurants Karachi, Pakistan"
Cafe 96 karachi,+92 322 2543927,"V262+7FR, Street Number 5, Sector A Akhtar Colony, Karachi, 75500, Pakistan",https://www.facebook.com/karachidailydeals/,No,,,+92 322 2543927,,,14,"Fine Dining Restaurants Karachi, Pakistan"
Mujahid Restaurant,,"Main Main University Rd, adjacent Askari Park, Essa Nagri Eissa Nagri, Karachi, Pakistan",,No,,,,,,115,"Fine Dining Restaurants Karachi, Pakistan"
Malik Restaurant Buns Road.,2523997072,"V248+PFF, Burns Road, Karachi, Pakistan",,No,,,2523997072,,,5,"Fine Dining Restaurants Karachi, Pakistan"
Mr. Burger Phase 2 DHA,+92 334 2874373,"Plot 38 C, Commercial Area A Phase 2 Karachi, Pakistan",,Yes,https://foodpanda.pk/restaurant/b8pw/mr-burger-phase-2?utm_source=google&utm_medium=organic&utm_campaign=google_reserve_place_order_action,,+92 334 2874373,,,158,"Fine Dining Restaurants Karachi, Pakistan"
Girl Friend Restaurant,+92 318 2389790,"Bahadurabad BMCHS Sharafabad, Karachi, Pakistan",,No,,,+92 318 2389790,,,17,"Fine Dining Restaurants Karachi, Pakistan"
Pakistan azam cloth market,+92 326 6097456,"V232+J49, Thakurdwara Ln, Jodia Bazar Mithadar, Karachi, Pakistan",,No,,,+92 326 6097456,,,1,"Fine Dining Restaurants Karachi, Pakistan"
Chilli Try Fry,+92 331 2400434,"Paria St, near Star Medical, Kharadar Ghulam Hussain Kasim Quarters, Karachi, Pakistan",,Yes,https://foodpanda.pk/restaurant/wtlm/chilli-try-fry-wtlm?utm_source=google&utm_medium=organic&utm_campaign=google_reserve_place_order_action,,+92 331 2400434,,,2049,"Fine Dining Restaurants Karachi, Pakistan"
Majeed Nafees BBQ,+92 300 1192007,"Paria St, Kharadar Ghulam Hussain Kasim Quarters, Karachi, 74000, Pakistan",,No,,,+92 300 1192007,,,240,"Fine Dining Restaurants Karachi, Pakistan"
Fast and Fresh (Fast food & Chinese Restaurant),+92 322 2294319,"Street Number 6, near Choti Masjid, Delhi Colony, Karachi, 76500, Pakistan","https://m.facebook.com/fastandfreshoffical/photos/p.114221371439538/114221371439538/?type=3, https://www.facebook.com/fastandfreshoffical/",No,,,+92 322 2294319,,,10,"Fast Food Restaurants Karachi, Pakistan"
The Burger Shack,+92 21 111 827 827,"Sehar, 2C Lane 9, D.H.A. Phase 7 Seher Commercial Area Phase 7 Defence Housing Authority, Karachi, 75500, Pakistan",,Yes,https://theburgershack.pk/menu/,,+92 21 111 827 827,Nadeem99@gmail.com,,1116,"Fast Food Restaurants Karachi, Pakistan"
FOOD HUB,+92 301 0300313,"01, South Defence Housing Authority, Karachi, 75500, Pakistan",,No,,,+92 301 0300313,,,237,"Fast Food Restaurants Karachi, Pakistan"
NFC (Nasir food center),+92 343 1907314,"73 Street Number 3, near Masjid Al Madina, Punjab Colony, Karachi, 75600, Pakistan",,Yes,https://foodpanda.pk/restaurant/nlck/nasir-food-corner?utm_source=google&utm_medium=organic&utm_campaign=google_reserve_place_order_action,,+92 343 1907314,,,76,"Fast Food Restaurants Karachi, Pakistan"
Alam Burger & fast food,+92 302 2557143,"No. 13-B, R2JW+MQ7, Street, Punjab Colony, Karachi, 75600, Pakistan",,No,,,+92 302 2557143,,,19,"Fast Food Restaurants Karachi, Pakistan"
Canttuck ocean mall,+92 311 1064444,"Ocean Towers, Block 9 Clifton, Karachi, 75600, Pakistan",,Yes,http://www.canttuck.com/,,+92 311 1064444,,,269,"Fast Food Restaurants Karachi, Pakistan"
Milano Pizza & Fast Food,+92 301 2144118,"Shop No, 26،C 4th Zamzama Ln, Zamzama Commercial Area Askari Villas 2 Defence V Karachi, 75600, Pakistan",,Yes,https://www.foodpanda.pk/food-ordering?c=pk&s=s&vc=u0cw&adj_t=1naixy2v_1nsybtos&adj_campaign=google_reserve_place_order_action_CH-SEO_&adj_deep_link=foodpanda%3A%2F%2F%3Fc%3Dpk%26s%3Ds%26vc%3Du0cw&adj_fallback=https://foodpanda.pk/restaurant/u0cw/milano-pizza-and-fast-food?utm_campaign=google_reserve_place_order_action_CH-SEO_&adj_redirect_macos=https://foodpanda.pk/restaurant/u0cw/milano-pizza-and-fast-food?utm_campaign=google_reserve_place_order_action_CH-SEO_,,+92 301 2144118,,,546,"Fast Food Restaurants Karachi, Pakistan"
FK fast food Chinese & pizza,+92 313 1142345,"Plot 887-C, Kurta Gali Rd, near Cafe Shehbaz, P.E.C.H.S Block 2 Block 2 P.E.C.H.S., Karachi, 75260, Pakistan",,Yes,https://www.foodpanda.pk/food-ordering?c=pk&s=s&vc=lnw6&adj_t=1naixy2v_1nsybtos&adj_campaign=google_reserve_place_order_action_CH-SEO_&adj_deep_link=foodpanda%3A%2F%2F%3Fc%3Dpk%26s%3Ds%26vc%3Dlnw6&adj_fallback=https://foodpanda.pk/restaurant/lnw6/karachi-fast-food-and-chinese-pechs?utm_campaign=google_reserve_place_order_action_CH-SEO_&adj_redirect_macos=https://foodpanda.pk/restaurant/lnw6/karachi-fast-food-and-chinese-pechs?utm_campaign=google_reserve_place_order_action_CH-SEO_,,+92 313 1142345,,,91,"Fast Food Restaurants Karachi, Pakistan"
The Fast food & chinese expert,+92 342 0205374,"11-c commercial st 13 phase 2 ext dha karachi ii ext, karachi, Phase 2 Commercial Area Defence Housing Authority, Karachi, 75500, Pakistan",,Yes,https://www.foodpanda.pk/food-ordering?c=pk&s=s&vc=ppwg&adj_t=1naixy2v_1nsybtos&adj_campaign=google_reserve_place_order_action_CH-SEO_&adj_deep_link=foodpanda%3A%2F%2F%3Fc%3Dpk%26s%3Ds%26vc%3Dppwg&adj_fallback=https://foodpanda.pk/restaurant/ppwg/the-chinese-expert?utm_campaign=google_reserve_place_order_action_CH-SEO_&adj_redirect_macos=https://foodpanda.pk/restaurant/ppwg/the-chinese-expert?utm_campaign=google_reserve_place_order_action_CH-SEO_,,+92 342 0205374,,,28,"Fast Food Restaurants Karachi, Pakistan"
Karachi Broast,+92 21 111 276 278,"Boat Basin, Sea Breeze Centre, Block 5 Clifton, Karachi, 75600, Pakistan",,Yes,https://www.foodpanda.pk/food-ordering?c=pk&s=s&vc=s3nt&adj_t=1naixy2v_1nsybtos&adj_campaign=google_reserve_place_order_action_CH-SEO_&adj_deep_link=foodpanda%3A%2F%2F%3Fc%3Dpk%26s%3Ds%26vc%3Ds3nt&adj_fallback=https://foodpanda.pk/restaurant/s3nt/karachi-broast-boat-basin-s3nt?utm_campaign=google_reserve_place_order_action_CH-SEO_&adj_redirect_macos=https://foodpanda.pk/restaurant/s3nt/karachi-broast-boat-basin-s3nt?utm_campaign=google_reserve_place_order_action_CH-SEO_,,+92 21 111 276 278,,,1265,"Fast Food Restaurants Karachi, Pakistan"
Mr. Burger Phase 6 Rahat,+92 21 35841617,"GF#1 42C, Sofia Mansion, Khayaban-e-Rahat, D.H.A Phase 6 Rahat Commercial Area Phase 6 Defence Housing Authority, Karachi, 75500, Pakistan",,Yes,https://www.foodpanda.pk/food-ordering?c=pk&s=s&vc=fud9&adj_t=1naixy2v_1nsybtos&adj_campaign=google_reserve_place_order_action_CH-SEO_&adj_deep_link=foodpanda%3A%2F%2F%3Fc%3Dpk%26s%3Ds%26vc%3Dfud9&adj_fallback=https://foodpanda.pk/restaurant/fud9/mr-burger-rahat-commercial?utm_campaign=google_reserve_place_order_action_CH-SEO_&adj_redirect_macos=https://foodpanda.pk/restaurant/fud9/mr-burger-rahat-commercial?utm_campaign=google_reserve_place_order_action_CH-SEO_,,+92 21 35841617,,,1033,"Fast Food Restaurants Karachi, Pakistan"
Tipu Burger BBQ,+92 21 35886632,"R3MC+H64 Karachi, 59 12th Commercial St, D.H.A Phase II Extension Phase 2 Commercial Area Defence Housing Authority, Karachi, 75500, Pakistan",,No,,,+92 21 35886632,,,308,"Fast Food Restaurants Karachi, Pakistan"
A One Snacks 2,+92 21 35383214,"near a one snacks 2, D.H.A Phase II Extension Phase 2 Commercial Area Defence Housing Authority, Karachi, 45000, Pakistan",,Yes,https://www.foodpanda.pk/food-ordering?c=pk&s=s&vc=s0sz&adj_t=1naixy2v_1nsybtos&adj_campaign=google_reserve_place_order_action_CH-SEO_&adj_deep_link=foodpanda%3A%2F%2F%3Fc%3Dpk%26s%3Ds%26vc%3Ds0sz&adj_fallback=https://foodpanda.pk/restaurant/s0sz/a-one-snacks-dha-phase-2-ext?utm_campaign=google_reserve_place_order_action_CH-SEO_&adj_redirect_macos=https://foodpanda.pk/restaurant/s0sz/a-one-snacks-dha-phase-2-ext?utm_campaign=google_reserve_place_order_action_CH-SEO_,,+92 21 35383214,,,4875,"Fast Food Restaurants Karachi, Pakistan"
BBQ Street Fast Food Restaurant,+92 313 2882897,"12 12th Commercial St, D.H.A Phase II Extension Phase 2 Commercial Area Defence Housing Authority, Karachi, 75500, Pakistan",,No,,,+92 313 2882897,,,9,"Fast Food Restaurants Karachi, Pakistan"
KFS | Khatri Food Spot - Phase II ext,+92 308 3537537,"9 4th Sunset St, Phase 2 ext Defence Housing Authority, Phase 2 Commercial Area Defence Housing Authority, Karachi, 75500, Pakistan",,Yes,https://foodpanda.pk/restaurant/t1hr/khatri-food-spot-phase-2?utm_source=google&utm_medium=organic&utm_campaign=google_reserve_place_order_action,,+92 308 3537537,,,257,"Fast Food Restaurants Karachi, Pakistan"
House of Bun Kabab,+92 303 2601243,"Shop no. 2, plot، 91 9th Commercial St, Phase IV Phase 4 Defence Housing Authority, Karachi, 75500, Pakistan","https://www.google.com/url?q=https%3A%2F%2Fwww.facebook.com%2Fhouseofbunkabab&sa=D&sntz=1&usg=AOvVaw3rVimN_KL0aWjYYnctW0RT, https://www.google.com/url?q=https%3A%2F%2Fwww.instagram.com%2Fhouseofbunkabab&sa=D&sntz=1&usg=AOvVaw3BvGMyuBHrYOPusYOG3HA6",Yes,https://www.houseofbunkabab.com/,,+92 303 2601243,,,380,"Fast Food Restaurants Karachi, Pakistan"
United King - Clifton,+92 21 111 022 022,"G-30 Chartered Accountants Avenue, Block 8 Clifton, Karachi, 75600, Pakistan",,Yes,https://www.unitedkingonline.com/,,+92 21 111 022 022,Saad.saleem@unitedking.com,,3208,"Fast Food Restaurants Karachi, Pakistan"
Food Junction ambala,+92 336 8634642,"62 R, opposite ambala bakery, Block 6 P.E.C.H.S., Karachi, 75400, Pakistan",,Yes,https://foodjunction.pk/,,+92 336 8634642,fj@gmail.com,,765,"Fast Food Restaurants Karachi, Pakistan"
Chaudhary Food Point,+92 307 2759564,"V3C5+58P, Hamid Hussain Farooqi Rd, Block 2 P.E.C.H.S., Karachi, Pakistan",,Yes,https://foodpanda.pk/restaurant/b0y0/chaudry-food-point?utm_source=google&utm_medium=organic&utm_campaign=google_reserve_place_order_action,,+92 307 2759564,,,216,"Fast Food Restaurants Karachi, Pakistan"
Damascus Restaurant,+92 300 8249444,"Jason Center, BC-10, Block 9 Clifton, Karachi, 74400, Pakistan",,Yes,http://damascus.com.pk/menu/,,+92 300 8249444,,,3565,"Fast Food Restaurants Karachi, Pakistan"
M. Saleem Foods,+92 334 1673673,"Mansfield St, Saddar Karachi, 74400, Pakistan",,Yes,https://msaleemfoods.pk/,,+92 334 1673673,,,552,"Fast Food Restaurants Karachi, Pakistan"
Al Rahman fast food,+92 310 2333518,"R2JW+JGJ, Delhi Colony, Karachi, 75600, Pakistan",,No,,,+92 310 2333518,,,2,"Fast Food Restaurants Karachi, Pakistan"
"KFC | Khayaban-e-Ittehad, Karachi",+92 21 111 532 532,"Khayaban-e-Ittehad Road, Phase 2 Commercial Area Defence Housing Authority, Karachi, 75600, Pakistan",,Yes,https://foodpanda.pk/restaurant/s3yr/kfc-khayaban-e-ittehad?utm_source=google&utm_medium=organic&utm_campaign=google_reserve_place_order_action,,+92 21 111 532 532,,,5284,"Fast Food Restaurants Karachi, Pakistan"
Fryitt,+92 305 3135802,"Plot No. 1 Block, 7/8 Tipu Sultan Rd, Karachi, off Shahra-e-Faisal, Dehli Mercantile Co-Operative Housing Society. Karachi Memon Society Karachi, 75350, Pakistan",,Yes,http://fryitt.com/,,+92 305 3135802,khurram.Sheikh@habitt.com,,110,"Fast Food Restaurants Karachi, Pakistan"
Tipu Burger,+92 21 35860044,"210 Marine Point Service Ln Karachi 75600, 210 - Marine Point Service Ln, Block 9 Clifton, Karachi, 75600, Pakistan",,Yes,https://www.foodpanda.pk/food-ordering?c=pk&s=s&vc=gjzc&adj_t=1naixy2v_1nsybtos&adj_campaign=google_reserve_place_order_action_CH-SEO_&adj_deep_link=foodpanda%3A%2F%2F%3Fc%3Dpk%26s%3Ds%26vc%3Dgjzc&adj_fallback=https://foodpanda.pk/restaurant/gjzc/tipu-burger-and-broast-dellawala?utm_campaign=google_reserve_place_order_action_CH-SEO_&adj_redirect_macos=https://foodpanda.pk/restaurant/gjzc/tipu-burger-and-broast-dellawala?utm_campaign=google_reserve_place_order_action_CH-SEO_,,+92 21 35860044,,,285,"Fast Food Restaurants Karachi, Pakistan"
Legend Foods,+92 327 2200771,"Shop, Arica, Before, FTC building, 80's Shahrah-e-Faisal Service Rd N, near Masjid Rumi, Sindhi Muslim Cooperative Housing Society Block B Sindhi Muslim CHS (SMCHS), Karachi, Pakistan",,No,,,+92 327 2200771,,,80,"Fast Food Restaurants Karachi, Pakistan"
Qadri Food Center (Qfc),+92 321 8279292,"Roshni St, Chandni Chowk Chandni Chowk (New Town), Karachi, Pakistan",http://www.facebook.com/Qfc92,Yes,https://www.foodpanda.pk/food-ordering?c=pk&s=s&vc=v1ys&adj_t=1naixy2v_1nsybtos&adj_campaign=google_reserve_place_order_action_CH-SEO_&adj_deep_link=foodpanda%3A%2F%2F%3Fc%3Dpk%26s%3Ds%26vc%3Dv1ys&adj_fallback=https://foodpanda.pk/restaurant/v1ys/qfc-qadri-food-center-fast-food-bbq-chandni-chownk?utm_campaign=google_reserve_place_order_action_CH-SEO_&adj_redirect_macos=https://foodpanda.pk/restaurant/v1ys/qfc-qadri-food-center-fast-food-bbq-chandni-chownk?utm_campaign=google_reserve_place_order_action_CH-SEO_,,+92 321 8279292,,,617,"Fast Food Restaurants Karachi, Pakistan"
Bites 4 Life,+92 300 9214808,"V3PH+QCG, Bites 4 Life Ghazi Salahuddin Road, Bites 4 Life St, Kathiawar CHS, Karachi, 74800, Pakistan","https://www.facebook.com/brand/resources/whatsapp/whatsapp-brand, https://www.facebook.com/profile.php?id=100064758844406, https://www.instagram.com/whatsapp/?hl=en, https://www.youtube.com/channel/UCAuerig2N-RZWJT8x75V9yw, https://x.com/whatsapp",Yes,https://wa.me/923009214808,,+92 300 9214808,,,6716,"Fast Food Restaurants Karachi, Pakistan"
Jan's Broasted Chicken- Clifton,+92 322 5824040,"No.6, Pearl Haven, Street, near Bank-Alfalah, Block 5 Clifton, Karachi, 74000, Pakistan",,Yes,https://www.foodpanda.pk/food-ordering?c=pk&s=s&vc=hxur&adj_t=1naixy2v_1nsybtos&adj_campaign=google_reserve_place_order_action_CH-SEO_&adj_deep_link=foodpanda%3A%2F%2F%3Fc%3Dpk%26s%3Ds%26vc%3Dhxur&adj_fallback=https://foodpanda.pk/restaurant/hxur/jans-broasted-chicken-hxur?utm_campaign=google_reserve_place_order_action_CH-SEO_&adj_redirect_macos=https://foodpanda.pk/restaurant/hxur/jans-broasted-chicken-hxur?utm_campaign=google_reserve_place_order_action_CH-SEO_,,+92 322 5824040,,,3167,"Fast Food Restaurants Karachi, Pakistan"
Food Break,+92 315 2994365,"Shop # 1, Al Mairaj Manzil, Central Commercial Area, Oppt Rajoo Ice Cream, Bahadurabad Bahadur Yar Jang CHS, Karachi, Pakistan",,Yes,https://www.foodpanda.pk/food-ordering?c=pk&s=s&vc=n4zz&adj_t=1naixy2v_1nsybtos&adj_campaign=google_reserve_place_order_action_CH-SEO_&adj_deep_link=foodpanda%3A%2F%2F%3Fc%3Dpk%26s%3Ds%26vc%3Dn4zz&adj_fallback=https://foodpanda.pk/restaurant/n4zz/food-break-bahadurabad-n4zz?utm_campaign=google_reserve_place_order_action_CH-SEO_&adj_redirect_macos=https://foodpanda.pk/restaurant/n4zz/food-break-bahadurabad-n4zz?utm_campaign=google_reserve_place_order_action_CH-SEO_,,+92 315 2994365,,,1767,"Fast Food Restaurants Karachi, Pakistan"
NG fast food,+92 328 2613155,"E-7/2 Khayaban-e-Jami, Chandio Phase 2 Ext Clifton, Karachi, 75600, Pakistan",,Yes,https://www.foodpanda.pk/food-ordering?c=pk&s=s&vc=ez88&adj_t=1naixy2v_1nsybtos&adj_campaign=google_reserve_place_order_action_CH-SEO_&adj_deep_link=foodpanda%3A%2F%2F%3Fc%3Dpk%26s%3Ds%26vc%3Dez88&adj_fallback=https://foodpanda.pk/restaurant/ez88/ng-fast-food-bar-b-q-and-chinese?utm_campaign=google_reserve_place_order_action_CH-SEO_&adj_redirect_macos=https://foodpanda.pk/restaurant/ez88/ng-fast-food-bar-b-q-and-chinese?utm_campaign=google_reserve_place_order_action_CH-SEO_,,+92 328 2613155,,,,"Fast Food Restaurants Karachi, Pakistan"
Karachi pizza and fast food,+92 341 2132155,"R3W2+VJH, Pakistan Railways Housing Society Karachi Cantonment, Karachi, Pakistan",,Yes,https://www.foodpanda.pk/food-ordering?c=pk&s=s&vc=wvl4&adj_t=1naixy2v_1nsybtos&adj_campaign=google_reserve_place_order_action_CH-SEO_&adj_deep_link=foodpanda%3A%2F%2F%3Fc%3Dpk%26s%3Ds%26vc%3Dwvl4&adj_fallback=https://foodpanda.pk/restaurant/wvl4/karachi-pizza-and-fast-food-wvl4?utm_campaign=google_reserve_place_order_action_CH-SEO_&adj_redirect_macos=https://foodpanda.pk/restaurant/wvl4/karachi-pizza-and-fast-food-wvl4?utm_campaign=google_reserve_place_order_action_CH-SEO_,,+92 341 2132155,,,12,"Fast Food Restaurants Karachi, Pakistan"
Hollywood Fast Food,+92 303 2800063,"501 Tariq Rd, Block 2 P.E.C.H.S., Karachi, 94700, Pakistan",,Yes,https://www.foodpanda.pk/restaurant/u1ke/hollywood-burger,,+92 303 2800063,,,735,"Fast Food Restaurants Karachi, Pakistan"
Defence Food,+92 300 2057052,"khuwaja manzil، near city center, Bahadurabad BMCHS Sharafabad, Karachi, Pakistan",,Yes,https://www.defencefood.com/,,+92 300 2057052,,,75,"Fast Food Restaurants Karachi, Pakistan"
BABA FARRUKH BBQ AND ROLL POINT,15009507613,"R2JR+JJP, Unnamed Road, Block 8 Delhi Colony, Karachi, 75500, Pakistan",,Yes,https://www.foodpanda.pk/food-ordering?c=pk&s=s&vc=qjgd&adj_t=1naixy2v_1nsybtos&adj_campaign=google_reserve_place_order_action_CH-SEO_&adj_deep_link=foodpanda%3A%2F%2F%3Fc%3Dpk%26s%3Ds%26vc%3Dqjgd&adj_fallback=https://foodpanda.pk/restaurant/qjgd/baba-farrukh-bbq-and-fast-food?utm_campaign=google_reserve_place_order_action_CH-SEO_&adj_redirect_macos=https://foodpanda.pk/restaurant/qjgd/baba-farrukh-bbq-and-fast-food?utm_campaign=google_reserve_place_order_action_CH-SEO_,,15009507613,,,311,"Fast Food Restaurants Karachi, Pakistan"
CHiPS,+92 311 1124477,"17th Nishat Commercial Street, D.H.A Phase 6 Nishat Commercial Area Phase 6 Defence Housing Authority, Karachi, 75500, Pakistan",,Yes,https://www.foodpanda.pk/food-ordering?c=pk&s=s&vc=j8px&adj_t=1naixy2v_1nsybtos&adj_campaign=google_reserve_place_order_action_CH-SEO_&adj_deep_link=foodpanda%3A%2F%2F%3Fc%3Dpk%26s%3Ds%26vc%3Dj8px&adj_fallback=https://foodpanda.pk/restaurant/j8px/chips?utm_campaign=google_reserve_place_order_action_CH-SEO_&adj_redirect_macos=https://foodpanda.pk/restaurant/j8px/chips?utm_campaign=google_reserve_place_order_action_CH-SEO_,,+92 311 1124477,,,172,"Fast Food Restaurants Karachi, Pakistan"
Ansari's Fast Food,+92 321 2022073,"G -22 G Market, Railway Crossing Rd, near CHANESAR Halt, Block-6 Block 6 P.E.C.H.S., Karachi, Pakistan",,Yes,https://foodpanda.pk/restaurant/s5ul/ansari-fast-food?utm_source=google&utm_medium=organic&utm_campaign=google_reserve_place_order_action,,+92 321 2022073,,,589,"Fast Food Restaurants Karachi, Pakistan"
Hanifia - Clifton (Boat Basin),+92 21 35833358,"Shop No. 33, Block 5 Hasho Terrace, Block 5 Clifton, Karachi, 75600, Pakistan",,Yes,https://www.foodpanda.pk/food-ordering?c=pk&s=s&vc=os59&adj_t=1naixy2v_1nsybtos&adj_campaign=google_reserve_place_order_action_CH-SEO_&adj_deep_link=foodpanda%3A%2F%2F%3Fc%3Dpk%26s%3Ds%26vc%3Dos59&adj_fallback=https://foodpanda.pk/restaurant/os59/hanifia-boat-basin?utm_campaign=google_reserve_place_order_action_CH-SEO_&adj_redirect_macos=https://foodpanda.pk/restaurant/os59/hanifia-boat-basin?utm_campaign=google_reserve_place_order_action_CH-SEO_,,+92 21 35833358,,,1262,"Fast Food Restaurants Karachi, Pakistan"
Madina Burger۔ مدینہ برگر,,"Jutland Line Bazaar, Jat Land Lines, Karachi, 74400, Pakistan",,No,,,,,,41,"Fast Food Restaurants Karachi, Pakistan"
Tipu Burger & Broast,+92 333 2245706,"Clifton Center، Shop No 1, Clifton Shopping Arcade، Bank Road, Block 5 Clifton, Karachi, 75600, Pakistan",,Yes,https://foodpanda.pk/restaurant/j2m9/tipu-burger-and-broast?utm_source=google&utm_medium=organic&utm_campaign=google_reserve_place_order_action,,+92 333 2245706,,,3994,"Fast Food Restaurants Karachi, Pakistan"
Zaiqa food Restaurant,+92 301 1888049,"R2MF+RCM, Hijrat Colony Karachi, 75500, Pakistan",,No,,,+92 301 1888049,,,21,"Fast Food Restaurants Karachi, Pakistan"
Roll Inn Clifton,+92 21 35379423,"Hashoo Terrace, Block 5 Clifton, Karachi, 75600, Pakistan",,Yes,http://www.rollinnbbq.pk/,,+92 21 35379423,,,1134,"Fast Food Restaurants Karachi, Pakistan"
Laziz Burger & Fast Food,+92 304 1239455,"V3C5+PR2, Allama Iqbal Rd, Block 2 P.E.C.H.S., Karachi, Pakistan",,No,,,+92 304 1239455,,,44,"Fast Food Restaurants Karachi, Pakistan"
Noman Restaurant Fast Food & B.B.Q,+92 321 2508747,"Plot # D-10, sectore 31-D, p & t Society, korangi Sectore, 31, D P&T Chs Sector 31 D Korangi, Karachi, 75500, Pakistan",https://facebook.com/nomanrestaurant,Yes,https://www.nomanrestaurant.pk/,,+92 321 2508747,noman@brenqo.com,,4328,"Fast Food Restaurants Karachi, Pakistan"
Yousuf Burger House,+92 300 2625955,"C527, Block 7, 8, Kathiawar CHS, Karachi, 75400, Pakistan",,No,,,+92 300 2625955,,,1038,"Fast Food Restaurants Karachi, Pakistan"
Dastarkhwan fast food,+92 303 2549619,"R28X+C3R, D St, DHA Phase 5 Defence V Defence Housing Authority, Karachi, 75500, Pakistan",,Yes,https://foodpanda.pk/restaurant/ghs9/dastarkhwan-fast-food?utm_source=google&utm_medium=organic&utm_campaign=google_reserve_place_order_action,,+92 303 2549619,,,8,"Fast Food Restaurants Karachi, Pakistan"
Hanifia - New Town,+92 335 1234501,"Jama Masjid, Shop No. 14 New Town, Jamshed Quarters Allama Binori Town, Karachi, Pakistan",,Yes,http://www.hanifia.com/,,+92 335 1234501,hanifia@gmail.com,,1756,"Fast Food Restaurants Karachi, Pakistan"
Karachi Dehli Gola Kabab House کراچی دھلی گولہ کباب ہاؤس,+92 317 2555896,"Shahrah-e-Liaquat, Gari Khata, Karachi, 74800, Pakistan",,No,,,+92 317 2555896,,,1376,"Fast Food Restaurants Karachi, Pakistan"
Fast Food,14123340231,"R2RM+R8V, Civil Lines Sector 4 H Civil Lines, Karachi, 75530, Pakistan",,No,,,14123340231,,,127,"Fast Food Restaurants Karachi, Pakistan"
K Town Co.,+92 335 5869626,"Building 4C, Chota Bukhari, Street # 5, D.H.A Phase 6 Bukhari Commercial Area Phase 6 Defence Housing Authority, Karachi, 75500, Pakistan",,Yes,https://forms.gle/PZD54KVtLJ1pKRUQ6,,+92 335 5869626,,,458,"Fast Food Restaurants Karachi, Pakistan"
Karachi fast food and bryani al Hassan Chowk nazimabad no 1 Karachi,+92 316 2444899,"Al hassan chowk, 1 no, Block 1 Nazimabad, Karachi, 75600, Pakistan",,No,,,+92 316 2444899,,,403,"Fast Food Restaurants Karachi, Pakistan"
Salwa burger,+92 336 3417912,"jaffer corner, Salwa burger shop no 3, Shahrah-e-Iraq, saddar karachi, Karachi, 74400, Pakistan",,No,,,+92 336 3417912,,,52,"Fast Food Restaurants Karachi, Pakistan"
Agha Chinese & Fast Food,+92 337 1444666,"City Railway Colony, Karachi, Pakistan",,Yes,https://foodpanda.pk/restaurant/n2zb/agha-chinese-fast-food?utm_source=google&utm_medium=organic&utm_campaign=google_reserve_place_order_action,,+92 337 1444666,,,57,"Fast Food Restaurants Karachi, Pakistan"
SALEEM PAN AND CHATKHARAY,+92 340 2035550,"Shop no#D3 tooba Appartments, opp. Dubai islamic bank, D.H.A. Phase 1 Karachi Cantonment, Karachi, 75500, Pakistan",,Yes,https://www.foodpanda.pk/food-ordering?c=pk&s=s&vc=v4di&adj_t=1naixy2v_1nsybtos&adj_campaign=google_reserve_place_order_action_CH-SEO_&adj_deep_link=foodpanda%3A%2F%2F%3Fc%3Dpk%26s%3Ds%26vc%3Dv4di&adj_fallback=https://foodpanda.pk/restaurant/v4di/saleem-pan-and-chatkharay?utm_campaign=google_reserve_place_order_action_CH-SEO_&adj_redirect_macos=https://foodpanda.pk/restaurant/v4di/saleem-pan-and-chatkharay?utm_campaign=google_reserve_place_order_action_CH-SEO_,,+92 340 2035550,,,316,"Fast Food Restaurants Karachi, Pakistan"
Chick -N- Chips,+92 21 35866040,"Service Lane, Block 5 Clifton, Karachi, 75600, Pakistan",,No,,,+92 21 35866040,,,640,"Fast Food Restaurants Karachi, Pakistan"
Usman Bun Kabab,+92 332 7777902,"Shop#6, diamond garden, Nusserwanji Rd, Garden East Karachi, 74550, Pakistan",https://www.facebook.com/usmanbunkabab/,Yes,https://www.foodpanda.pk/food-ordering?c=pk&s=s&vc=g8el&adj_t=1naixy2v_1nsybtos&adj_campaign=google_reserve_place_order_action_CH-SEO_&adj_deep_link=foodpanda%3A%2F%2F%3Fc%3Dpk%26s%3Ds%26vc%3Dg8el&adj_fallback=https://foodpanda.pk/restaurant/g8el/usman-bun-kabab-and-fast-food?utm_campaign=google_reserve_place_order_action_CH-SEO_&adj_redirect_macos=https://foodpanda.pk/restaurant/g8el/usman-bun-kabab-and-fast-food?utm_campaign=google_reserve_place_order_action_CH-SEO_,,+92 332 7777902,,,259,"Fast Food Restaurants Karachi, Pakistan"
Mr Burger,+92 21 34558296,"20 Captain Fareed Bukhari Shaheed Rd, Sindhi Muslim Cooperative Housing Society Block A Sindhi Muslim CHS (SMCHS), Karachi, Pakistan",,Yes,https://foodpanda.pk/restaurant/iwsf/mr-burger-smchs-iwsf?utm_source=google&utm_medium=organic&utm_campaign=google_reserve_place_order_action,,+92 21 34558296,,,43,"Fast Food Restaurants Karachi, Pakistan"
Azad Bun Kabab House آزاد بن کباب ہاؤس,+92 321 2109674,"Shahrah-e-Liaquat, Aram Bagh Karachi, Pakistan",,No,,,+92 321 2109674,,,2292,"Fast Food Restaurants Karachi, Pakistan"
Chicken FOOD Center (چکن فوڈسینٹر),+92 21 35671531,"Mir Karam Ali Talpur Rd, Saddar Karachi, Pakistan",,Yes,https://foodpanda.pk/restaurant/n1fd/chicken-food-centre?utm_source=google&utm_medium=organic&utm_campaign=google_reserve_place_order_action,,+92 21 35671531,,,264,"Fast Food Restaurants Karachi, Pakistan"
Muhammad Shah French Fries,+92 312 9380106,"ML Paradise, 152 Dosabhai Ghadyali St, Soldier Bazaar Parsi Colony Saddar, Karachi, 74400, Pakistan",,No,,,+92 312 9380106,,,173,"Fast Food Restaurants Karachi, Pakistan"
Nice Fast Food۔ نائیس فاسٹ فوڈ,+92 333 3901351,"V27V+RC4, Jutland Line Bazaar, Lines Area, Karachi, Pakistan",,No,,,+92 333 3901351,,,9,"Fast Food Restaurants Karachi, Pakistan"
Aussie Burger,+92 311 1266100,"Shop 31 & 32, Royal Apartments, Plot SB, 3, KDA Scheme #1 KDA Scheme 1, Karachi, Pakistan",,Yes,https://www.foodpanda.pk/food-ordering?c=pk&s=s&vc=z38h&adj_t=1naixy2v_1nsybtos&adj_campaign=google_reserve_place_order_action_CH-SEO_&adj_deep_link=foodpanda%3A%2F%2F%3Fc%3Dpk%26s%3Ds%26vc%3Dz38h&adj_fallback=https://foodpanda.pk/restaurant/z38h/aussie-burger-company-kda?utm_campaign=google_reserve_place_order_action_CH-SEO_&adj_redirect_macos=https://foodpanda.pk/restaurant/z38h/aussie-burger-company-kda?utm_campaign=google_reserve_place_order_action_CH-SEO_,,+92 311 1266100,,,1106,"Fast Food Restaurants Karachi, Pakistan"
Hafeez Roll& Fast Food,+92 321 9222263,"Bis Stop, Pib Colony Rd, PIB Colony, Karachi, Pakistan",,Yes,https://foodpanda.pk/restaurant/t2cn/hafeez-roll-fast-food?utm_source=google&utm_medium=organic&utm_campaign=google_reserve_place_order_action,,+92 321 9222263,,,700,"Fast Food Restaurants Karachi, Pakistan"
New Jaan Jee Food,+92 343 2900055,"Shop #1, Hemani Center, GK-4 Paria St, near Bank Al Habib, Kharadar Ghulam Hussain Kasim Quarters, Karachi, Pakistan",,No,,,+92 343 2900055,,,97,"Fast Food Restaurants Karachi, Pakistan"
New Eaton۔ ایٹون,+92 21 34525865,"148 Ghulam Ali Memon Rd, Sindhi Muslim Cooperative Housing Society Block A Sindhi Muslim CHS (SMCHS), Karachi, Pakistan",,Yes,https://foodpanda.pk/restaurant/n5nq/eaton?utm_source=google&utm_medium=organic&utm_campaign=google_reserve_place_order_action,,+92 21 34525865,,,3107,"Fast Food Restaurants Karachi, Pakistan"
Karachi BBQ & Fast Food,+92 302 6500038,"V34H+23Q, Road, Mehmoodabad Karachi, Pakistan",,Yes,https://www.foodpanda.pk/food-ordering?c=pk&s=s&vc=me44&adj_t=1naixy2v_1nsybtos&adj_campaign=google_reserve_place_order_action_CH-SEO_&adj_deep_link=foodpanda%3A%2F%2F%3Fc%3Dpk%26s%3Ds%26vc%3Dme44&adj_fallback=https://foodpanda.pk/restaurant/me44/karachi-hot-bbq?utm_campaign=google_reserve_place_order_action_CH-SEO_&adj_redirect_macos=https://foodpanda.pk/restaurant/me44/karachi-hot-bbq?utm_campaign=google_reserve_place_order_action_CH-SEO_,,+92 302 6500038,,,100,"Fast Food Restaurants Karachi, Pakistan"
Mehak Foods,+92 21 32377203,"GK 2/30 Paria St, Kharadar Ghulam Hussain Kasim Quarters, Karachi, Pakistan",,Yes,https://mehakfoods.com.pk/,,+92 21 32377203,fastfoodmehak@gmail.com,,193,"Fast Food Restaurants Karachi, Pakistan"
Wow Burgers,+92 300 1235118,"Gizri, Karachi, 75000, Pakistan","https://www.facebook.com/photo.php?fbid=133957979477080&set=pb.100085886365800.-2207520000.&type=3, https://www.facebook.com/profile.php?id=100085886365800",No,,,+92 300 1235118,,,14,"Fast Food Restaurants Karachi, Pakistan"
Pizza in lite & Fast Food,+92 314 5690559,"ROSE ARCADE, Polet no SA7, Gali No. 21, near AL REYAZ HOSPITAL, Napier Quarter, Karachi, Pakistan","https://www.facebook.com/brand/resources/whatsapp/whatsapp-brand, https://www.facebook.com/profile.php?id=100064758844406, https://www.instagram.com/whatsapp/?hl=en, https://www.youtube.com/channel/UCAuerig2N-RZWJT8x75V9yw, https://x.com/whatsapp",Yes,https://wa.me/c/923145690559,,+92 314 5690559,,,20,"Fast Food Restaurants Karachi, Pakistan"
Red Apple Khada Market,+92 21 111 111 733,"Plot # C-15, D-4, Ph-5، Ph-5 Stadium Lane 3, Stadium Commercial Area Defence V Defence Housing Authority, Karachi, 74500, Pakistan",https://www.facebook.com/RedAppleOfficial/app/195646697137509/,Yes,http://redapple.com.pk/,,+92 21 111 111 733,,,2086,"Fast Food Restaurants Karachi, Pakistan"
SHAH G FASTFOOD AND BURGER,+92 311 2519256,"Umar Khan Rd, Massan chowk Kemari Karachi, Karachi, 75620, Pakistan",,No,,,+92 311 2519256,,,2,"Fast Food Restaurants Karachi, Pakistan"
WRAP & FRY,+92 339 0128186,"Shop no 2 plot 25/D, Block A Sindhi Muslim CHS (SMCHS), Karachi, 74800, Pakistan",,Yes,https://www.foodpanda.pk/food-ordering?c=pk&s=s&vc=e6wo&adj_t=1naixy2v_1nsybtos&adj_campaign=google_reserve_place_order_action_CH-SEO_&adj_deep_link=foodpanda%3A%2F%2F%3Fc%3Dpk%26s%3Ds%26vc%3De6wo&adj_fallback=https://foodpanda.pk/restaurant/e6wo/wrap-and-fry-e6wo?utm_campaign=google_reserve_place_order_action_CH-SEO_&adj_redirect_macos=https://foodpanda.pk/restaurant/e6wo/wrap-and-fry-e6wo?utm_campaign=google_reserve_place_order_action_CH-SEO_,,+92 339 0128186,,,32,"Fast Food Restaurants Karachi, Pakistan"
Vintage Cafe,+92 21 38893333,"Captain Fareed Bukhari Shaheed Road, Sindhi Muslim Cooperative Housing Society Block A Sindhi Muslim CHS (SMCHS), Karachi, Pakistan",,Yes,https://menu.vintage.com.pk/menu-vintage,https://menu.vintage.com.pk/,+92 21 38893333,vintage@indolj.com,,1456,"Cafes Karachi, Pakistan"
Caffé Praha - Estreet,,"C33 E St, Block 4 Clifton, Karachi, 75300, Pakistan",,Yes,http://www.caffepraha.com/menu,,,info@caffepraha.com,,1618,"Cafes Karachi, Pakistan"
New York Coffee۔ نیویارک کافی,+92 21 34538880,"Plot # A-119, Shop # 6, East, Mustafa Arcade, Sindhi Muslim Cooperative Housing Society Block A Jamshed Town, Karachi, Pakistan",,Yes,https://online.pubhtml5.com/marvk/hsoj/,,+92 21 34538880,,,2247,"Cafes Karachi, Pakistan"
Esquires Coffee,+92 343 3263333,"17c 3rd Zamzama Commercial Lane, Zamzama Commercial Area Defence V Karachi, 75500, Pakistan",,Yes,https://foodpanda.pk/restaurant/t8zv/esquires-coffee-zamzama?utm_source=google&utm_medium=organic&utm_campaign=google_reserve_place_order_action,,+92 343 3263333,,,2865,"Cafes Karachi, Pakistan"
Routine - Specialty Coffee & Dining,+92 300 2811500,"30 C,/II, Lane Number 4, Shahbaz Commercial Ln, D.H.A Phase 6 Shahbaz Commercial Area Phase 6 Defence Housing Authority, Karachi, 75500, Pakistan",,Yes,https://routine.com.pk/,,+92 300 2811500,routinecoffeecafe@gmail.com,,215,"Cafes Karachi, Pakistan"
The Dopamine Cafe,+92 300 2444443,"121 A, Sindhi Muslim Cooperative Housing Society Block A Sindhi Muslim CHS (SMCHS), Karachi, 75500, Pakistan",,Yes,https://www.thedopaminecafe.com/reservation/,,+92 300 2444443,,,352,"Cafes Karachi, Pakistan"
Sync Cafe,5789703143,"27c shop, 1 Lane 13, D.H.A Phase 6 Bukhari Commercial Area Phase 6 Defence Housing Authority, Karachi, 75500, Pakistan",,Yes,https://www.foodpanda.pk/food-ordering?c=pk&s=s&vc=hdnz&adj_t=1naixy2v_1nsybtos&adj_campaign=google_reserve_place_order_action_CH-SEO_&adj_deep_link=foodpanda%3A%2F%2F%3Fc%3Dpk%26s%3Ds%26vc%3Dhdnz&adj_fallback=https://foodpanda.pk/restaurant/hdnz/sync?utm_campaign=google_reserve_place_order_action_CH-SEO_&adj_redirect_macos=https://foodpanda.pk/restaurant/hdnz/sync?utm_campaign=google_reserve_place_order_action_CH-SEO_,,5789703143,,,528,"Cafes Karachi, Pakistan"
Theatre - Live Bakery & Cafe,+92 320 2678675,"25, 23-B, Maqbool Cooperative Society, Block 7, 8 Tipu Sultan Rd, Karachi Memon Society Karachi, 75350, Pakistan",,No,,,+92 320 2678675,,,1529,"Cafes Karachi, Pakistan"
Bon Appètit Cafè,+92 309 2956214,"Shop No#4, Plot 10-C Rahat Commercial Lane 1, D.H.A Phase 6 Rahat Commercial Area Phase 6 Defence Housing Authority, Karachi, 75500, Pakistan","https://facebook.com/pg/bonappetitcafeofficial/menu/, https://www.facebook.com/share/1AYqE7cyCj/, https://www.instagram.com/bonappetitcafeofficial, https://www.tiktok.com/@bonappetitcafeofficial01?_t=ZS-8uexQkNdAd3&_r=1",Yes,https://bonappetitcafe.com.pk/,https://bonappetitcafe.com.pk/menu-2/,+92 309 2956214,,,624,"Cafes Karachi, Pakistan"
Coffee Wagera Boat Basin (Karachi),+92 21 37120813,"Shop No SA-9, Sea Breeze Centre, Block 5 Clifton, Karachi, 75600, Pakistan",http://www.facebook.com/coffeewageraclifton/menu,Yes,https://foodpanda.pk/restaurant/v7mu/coffee-wagera-clifton-v7mu?utm_source=google&utm_medium=organic&utm_campaign=google_reserve_place_order_action,,+92 21 37120813,,,701,"Cafes Karachi, Pakistan"
Cafe Star,12488763183,"R2HX+HPP, BRC Tower, near Altamash Institute of Dental Medicine, New P&T Colony, Karachi, 75600, Pakistan",,No,,,12488763183,,,31,"Cafes Karachi, Pakistan"
The Coffee Bean & Tea Leaf,+92 21 33393383,"Ground floor, Plot com#9, Marine Tower, Block 4 Clifton, Karachi, 75600, Pakistan",,Yes,https://www.foodpanda.pk/food-ordering?c=pk&s=s&vc=xa6l&adj_t=1naixy2v_1nsybtos&adj_campaign=google_reserve_place_order_action_CH-SEO_&adj_deep_link=foodpanda%3A%2F%2F%3Fc%3Dpk%26s%3Ds%26vc%3Dxa6l&adj_fallback=https://foodpanda.pk/restaurant/xa6l/the-coffee-bean-and-tea-leaf-marine-tower?utm_campaign=google_reserve_place_order_action_CH-SEO_&adj_redirect_macos=https://foodpanda.pk/restaurant/xa6l/the-coffee-bean-and-tea-leaf-marine-tower?utm_campaign=google_reserve_place_order_action_CH-SEO_,,+92 21 33393383,,,481,"Cafes Karachi, Pakistan"
Euphoria restaurant,+92 333 3761061,"6-C 6th Commercial Ln, Zamzama Commercial Area Defence V Karachi, 75600, Pakistan",https://www.facebook.com/euphoriakarachi,No,,,+92 333 3761061,,,591,"Cafes Karachi, Pakistan"
Bit Cafe,+92 339 2482233,"R3J6+F48, Sunset Blvd Rd, Phase II Phase 2 Ext Defence Housing Authority, Karachi, 75500, Pakistan",,Yes,https://www.foodpanda.pk/food-ordering?c=pk&s=s&vc=y9bo&adj_t=1naixy2v_1nsybtos&adj_campaign=google_reserve_place_order_action_CH-SEO_&adj_deep_link=foodpanda%3A%2F%2F%3Fc%3Dpk%26s%3Ds%26vc%3Dy9bo&adj_fallback=https://foodpanda.pk/restaurant/y9bo/bit-cafe?utm_campaign=google_reserve_place_order_action_CH-SEO_&adj_redirect_macos=https://foodpanda.pk/restaurant/y9bo/bit-cafe?utm_campaign=google_reserve_place_order_action_CH-SEO_,,+92 339 2482233,,,25,"Cafes Karachi, Pakistan"
Café Foodizo,+92 326 0622873,"Plot no 24-D Zamzama commercial lane 5th DHA phase V, near Imtiaz mega Karachi, Zamzama Commercial Area Defence V Karachi, 75500, Pakistan",,Yes,https://www.foodpanda.pk/food-ordering?c=pk&s=s&vc=akn1&adj_t=1naixy2v_1nsybtos&adj_campaign=google_reserve_place_order_action_CH-SEO_&adj_deep_link=foodpanda%3A%2F%2F%3Fc%3Dpk%26s%3Ds%26vc%3Dakn1&adj_fallback=https://foodpanda.pk/restaurant/akn1/cafe-foodizo?utm_campaign=google_reserve_place_order_action_CH-SEO_&adj_redirect_macos=https://foodpanda.pk/restaurant/akn1/cafe-foodizo?utm_campaign=google_reserve_place_order_action_CH-SEO_,,+92 326 0622873,,,201,"Cafes Karachi, Pakistan"
Cafe Clifton,+92 313 7770909,"Khayaban-e-Shamsheer, Saba Commercial Area Defence V Defence Housing Authority, Karachi, 75500, Pakistan","http://www.facebook.com.cafecliftonpk, http://www.instagram.com.cafecliftonpk, https://www.facebook.com/cafecliftonpk/menu/",Yes,https://cafeclifton.pk/,https://cafeclifton.pk/#lafka_mobile_menu_tab,+92 313 7770909,,,5890,"Cafes Karachi, Pakistan"
Gloria Jean's Coffees SMCHS,+92 21 34534176,"Sindhi Muslim Cooperative Housing Society Block A Sindhi Muslim CHS (SMCHS), Karachi, 74400, Pakistan",,Yes,https://foodpanda.pk/restaurant/v2az/gloria-jeans-v2az?utm_source=google&utm_medium=organic&utm_campaign=google_reserve_place_order_action,,+92 21 34534176,,,4655,"Cafes Karachi, Pakistan"
Paul Bakery & Cafe,+92 308 0553311,"17-C, Commercial Lane, 6 Khayaban-e-Shahbaz, Phase Shahbaz Commercial Area Phase 6 Defence Housing Authority, Karachi, 75500, Pakistan",,Yes,https://foodpanda.pk/restaurant/wnsu/paul?utm_source=google&utm_medium=organic&utm_campaign=google_reserve_place_order_action,,+92 308 0553311,,,1608,"Cafes Karachi, Pakistan"
Blend Coffee,+92 300 1125363,"Plot#102,shop#1, Imperial Residency, Siraj-ud-Daulah Rd, Bahadurabad Bahadur Yar Jang CHS, Karachi, 07482, Pakistan",,Yes,https://foodpanda.pk/restaurant/omir/blend-coffee?utm_source=google&utm_medium=organic&utm_campaign=google_reserve_place_order_action,,+92 300 1125363,,,117,"Cafes Karachi, Pakistan"
Yum by Amna Cafe,+92 333 3992481,"45-C, Khayaban-e-Seher, D.H.A Phase 6 Shahbaz Commercial Area Phase 6 Defence Housing Authority, Karachi, 75500, Pakistan",,Yes,http://cafe.yumbyamna.com/,,+92 333 3992481,,,1043,"Cafes Karachi, Pakistan"
Cafe Mubarak,+92 21 32254466,"V28F+PP6, Garden Rd, Saddar Karachi, Pakistan",,No,,,+92 21 32254466,,,330,"Cafes Karachi, Pakistan"
Second Cup Coffee Co Karachi,+92 21 38942288,"Ground Floor, Hall 1, 59-C, No 4 Khayaban-e-Shahbaz, Shahbaz Commercial Area Phase 6 Defence Housing Authority, Karachi, 75500, Pakistan",,Yes,https://www.foodpanda.pk/food-ordering?c=pk&s=s&vc=n3bk&adj_t=1naixy2v_1nsybtos&adj_campaign=google_reserve_place_order_action_CH-SEO_&adj_deep_link=foodpanda%3A%2F%2F%3Fc%3Dpk%26s%3Ds%26vc%3Dn3bk&adj_fallback=https://foodpanda.pk/restaurant/n3bk/second-cup-coffee-company-dha-phase-6-n3bk?utm_campaign=google_reserve_place_order_action_CH-SEO_&adj_redirect_macos=https://foodpanda.pk/restaurant/n3bk/second-cup-coffee-company-dha-phase-6-n3bk?utm_campaign=google_reserve_place_order_action_CH-SEO_,,+92 21 38942288,,,528,"Cafes Karachi, Pakistan"
Turkish Mud Coffee,+92 309 2312142,"CSD Food Street, CSD, Main Korangi Rd, next to Gora Qabrustan, Karachi Cantonment Karachi, 74900, Pakistan",,No,,,+92 309 2312142,,,364,"Cafes Karachi, Pakistan"
The Hot Spot Cafe,+92 21 35294720,"7, Block 9 Clifton, Karachi, 75600, Pakistan",,Yes,https://www.foodpanda.pk/food-ordering?c=pk&s=s&vc=u3vl&adj_t=1naixy2v_1nsybtos&adj_campaign=google_reserve_place_order_action_CH-SEO_&adj_deep_link=foodpanda%3A%2F%2F%3Fc%3Dpk%26s%3Ds%26vc%3Du3vl&adj_fallback=https://foodpanda.pk/restaurant/u3vl/the-hotspot-cafe-clifton?utm_campaign=google_reserve_place_order_action_CH-SEO_&adj_redirect_macos=https://foodpanda.pk/restaurant/u3vl/the-hotspot-cafe-clifton?utm_campaign=google_reserve_place_order_action_CH-SEO_,,+92 21 35294720,,,128,"Cafes Karachi, Pakistan"
Cafe D' Art Karachi,+92 300 0802393,"M.R Kyani Rd, Saddar Karachi, 74200, Pakistan",,Yes,http://www.cafedart.pk/,,+92 300 0802393,,,22,"Cafes Karachi, Pakistan"
LEVEL2 by Espresso,+92 348 2099235,"93 Tipu Sultan Rd, Karachi Memon Co-operative Housing Society Karachi Memon Society P.E.C.H.S., Karachi, Pakistan",,Yes,https://www.foodpanda.pk/food-ordering?c=pk&s=s&vc=wl7p&adj_t=1naixy2v_1nsybtos&adj_campaign=google_reserve_place_order_action_CH-SEO_&adj_deep_link=foodpanda%3A%2F%2F%3Fc%3Dpk%26s%3Ds%26vc%3Dwl7p&adj_fallback=https://foodpanda.pk/restaurant/wl7p/level-2-by-espresso-tipu-sultan?utm_campaign=google_reserve_place_order_action_CH-SEO_&adj_redirect_macos=https://foodpanda.pk/restaurant/wl7p/level-2-by-espresso-tipu-sultan?utm_campaign=google_reserve_place_order_action_CH-SEO_,,+92 348 2099235,,,399,"Cafes Karachi, Pakistan"
Kohi Coffees,+92 21 35845556,"31 C, 2 Saba Ave, opposite Mcdonald Seaview, DHA Phase 5 Saba Commercial Area Defence V Defence Housing Authority, Karachi, 75500, Pakistan",,Yes,https://foodpanda.pk/restaurant/ybgx/kohi-coffees?utm_source=google&utm_medium=organic&utm_campaign=google_reserve_place_order_action,,+92 21 35845556,,,495,"Cafes Karachi, Pakistan"
Cafe Karachi Abdullah,+92 313 2833003,"V28M+9PQ, Central Jacob Lines Karachi, Pakistan",,No,,,+92 313 2833003,,,206,"Cafes Karachi, Pakistan"
The Coffee Bean & Tea Leaf,+92 21 33406562,"V38H+F4P, Tipu Sultan Rd, Karachi Memon Co-operative Housing Society Jinnah Housing Society P.E.C.H.S., Karachi, Pakistan",,Yes,https://www.foodpanda.pk/food-ordering?c=pk&s=s&vc=ashj&adj_t=1naixy2v_1nsybtos&adj_campaign=google_reserve_place_order_action_CH-SEO_&adj_deep_link=foodpanda%3A%2F%2F%3Fc%3Dpk%26s%3Ds%26vc%3Dashj&adj_fallback=https://foodpanda.pk/restaurant/ashj/the-coffee-bean-and-tea-leaf-tipu-sultan?utm_campaign=google_reserve_place_order_action_CH-SEO_&adj_redirect_macos=https://foodpanda.pk/restaurant/ashj/the-coffee-bean-and-tea-leaf-tipu-sultan?utm_campaign=google_reserve_place_order_action_CH-SEO_,,+92 21 33406562,,,858,"Cafes Karachi, Pakistan"
BEANS Cafe,024.7938772,"Zulfiqar Street 1, D.H.A. Phase 8 Zone A Phase 8 Karachi, 75500, Pakistan",,No,,,024.7938772,,,232,"Cafes Karachi, Pakistan"
Leaf & Latte,,"Bungalow No, 217, opposite Jheel Park Road, Delhi Mercantile Society Block 3 P.E.C.H.S., Karachi, 75500, Pakistan",,Yes,https://www.foodpanda.pk/food-ordering?c=pk&s=s&vc=sgzv&adj_t=1naixy2v_1nsybtos&adj_campaign=google_reserve_place_order_action_CH-SEO_&adj_deep_link=foodpanda%3A%2F%2F%3Fc%3Dpk%26s%3Ds%26vc%3Dsgzv&adj_fallback=https://foodpanda.pk/restaurant/sgzv/leaf-and-latte-sgzv?utm_campaign=google_reserve_place_order_action_CH-SEO_&adj_redirect_macos=https://foodpanda.pk/restaurant/sgzv/leaf-and-latte-sgzv?utm_campaign=google_reserve_place_order_action_CH-SEO_,,,,,21,"Cafes Karachi, Pakistan"
The Coffee Bean & Tea Leaf,+92 21 37122739,"12-C, Main Khayaban-e-Bukhari, D.H.A Phase 6 Bukhari Commercial Area Phase 6 Defence Housing Authority, Karachi, 75500, Pakistan",,Yes,https://www.foodpanda.pk/food-ordering?c=pk&s=s&vc=uw44&adj_t=1naixy2v_1nsybtos&adj_campaign=google_reserve_place_order_action_CH-SEO_&adj_deep_link=foodpanda%3A%2F%2F%3Fc%3Dpk%26s%3Ds%26vc%3Duw44&adj_fallback=https://foodpanda.pk/restaurant/uw44/the-coffee-bean-and-tea-leaf-khayaban-e-bukhari?utm_campaign=google_reserve_place_order_action_CH-SEO_&adj_redirect_macos=https://foodpanda.pk/restaurant/uw44/the-coffee-bean-and-tea-leaf-khayaban-e-bukhari?utm_campaign=google_reserve_place_order_action_CH-SEO_,,+92 21 37122739,,,1731,"Cafes Karachi, Pakistan"
Barista Art Coffee - Work Cafe,+92 300 2726584,"Khayaban-e-Jami, Block 9 Phase 2 Ext Clifton, Karachi, 75600, Pakistan",,No,,,+92 300 2726584,,,27,"Cafes Karachi, Pakistan"
Fusion Fiesta Cafe`,+92 337 3273138,"Shop 5 Plot 21-C, Zamzama Commercial Area lane 2, phase V, Karachi Pakistan 75600 zamzama lane, 2, Askari Villas 2 Defence V Karachi, 75600, Pakistan",,Yes,https://www.foodpanda.pk/food-ordering?c=pk&s=s&vc=xdzf&adj_t=1naixy2v_1nsybtos&adj_campaign=google_reserve_place_order_action_CH-SEO_&adj_deep_link=foodpanda%3A%2F%2F%3Fc%3Dpk%26s%3Ds%26vc%3Dxdzf&adj_fallback=https://foodpanda.pk/restaurant/xdzf/fusion-fiesta-cafe?utm_campaign=google_reserve_place_order_action_CH-SEO_&adj_redirect_macos=https://foodpanda.pk/restaurant/xdzf/fusion-fiesta-cafe?utm_campaign=google_reserve_place_order_action_CH-SEO_,,+92 337 3273138,,,3,"Cafes Karachi, Pakistan"
Cafe Dela,+92 21 111 423 423,"Shop no 1 and 2, Dime Centre, Block 9 Clifton, Karachi, 75500, Pakistan",,No,,,+92 21 111 423 423,,,11,"Cafes Karachi, Pakistan"
Chai Wala (Chai Lala),11420785341,"R2HM+49W, Zone C - Block 7 Zone C Block 5 Clifton, Karachi, 75600, Pakistan",,No,,,11420785341,,,256,"Cafes Karachi, Pakistan"
Cafe Pakistan and biryani,+92 309 6887248,"Shop G3 Columbus Tower Near teen Talwar Clifton, Teen, Block 8 Talwar, Karachi, 75600, Pakistan",,Yes,https://www.foodpanda.pk/food-ordering?c=pk&s=s&vc=tjvt&adj_t=1naixy2v_1nsybtos&adj_campaign=google_reserve_place_order_action_CH-SEO_&adj_deep_link=foodpanda%3A%2F%2F%3Fc%3Dpk%26s%3Ds%26vc%3Dtjvt&adj_fallback=https://foodpanda.pk/restaurant/tjvt/cafe-pakistan-and-biryani?utm_campaign=google_reserve_place_order_action_CH-SEO_&adj_redirect_macos=https://foodpanda.pk/restaurant/tjvt/cafe-pakistan-and-biryani?utm_campaign=google_reserve_place_order_action_CH-SEO_,,+92 309 6887248,,,5,"Cafes Karachi, Pakistan"
Cafe Agha Jaan,4813089909,"R2VP+WXC, Deewan St, Karachi Cantonment, Karachi, 75510, Pakistan",,Yes,https://foodpanda.pk/restaurant/atlz/cafe-agha-jaan?utm_source=google&utm_medium=organic&utm_campaign=google_reserve_place_order_action,,4813089909,,,151,"Cafes Karachi, Pakistan"
Baseline Cafe,14638191965,"160 A, Block 3 P.E.C.H.S., Karachi, Pakistan",,No,,,14638191965,,,2,"Cafes Karachi, Pakistan"
Cafe Momin,+92 21 32440198,"V232+CF6, Rampart Row, Jodia Bazar Market Quarter, Karachi, Pakistan",,No,,,+92 21 32440198,,,164,"Cafes Karachi, Pakistan"
Cafe Gulberg,+92 317 8006915,"R 323, Napier Quarter, Karachi, Pakistan",,No,,,+92 317 8006915,,,14,"Cafes Karachi, Pakistan"
Base Rock Cafe,+92 302 2906036,"Ittehad Ln 6, Ittehad Commercial Area Phase 6 Defence Housing Authority, Karachi, 75500, Pakistan",,No,,,+92 302 2906036,,,296,"Cafes Karachi, Pakistan"
Gloria Jean's Coffees Dolmen,+92 21 35293912,"Dolmen Mall, Marine Promenade, Block 4 Clifton, Karachi, Pakistan","https://instagram.com/gloriajeanspakistan, https://www.facebook.com/GloriaJeansCoffeesPakistan/, https://www.tregix.com/",Yes,https://gloriajeanscoffees.com.pk/our-menu/?utm_source=google&utm_medium=organic&utm_campaign=Google%20My%20Business%20-%20Menu&utm_content=Dolmen,https://gloriajeanscoffees.com.pk/about/,+92 21 35293912,"customerservice@gloriajeanscoffees.com.pk, info@gloriajeanscoffees.com.pk",,1221,"Cafes Karachi, Pakistan"
Mexican villa,+92 325 3639983,"Phase V, 5c Lane, 6th Commercial Ln, Zamzama Commercial Area Defence V Defence Housing Authority, Karachi, 75500, Pakistan",,No,,,+92 325 3639983,,,131,"Cafes Karachi, Pakistan"
Cafe Hassan,14644049718,"V254+4JR, Nanak Wara Adhumal Oodharam Quarter, Karachi, Pakistan",,No,,,14644049718,,,81,"Cafes Karachi, Pakistan"
Cafe gulistan hotal,+92 326 5527024,"Sunset Blvd Rd, 22 number start Punjab Colony, Karachi, 54321, Pakistan",,No,,,+92 326 5527024,,,2,"Cafes Karachi, Pakistan"
The Buzzing Beez Play Café,+92 327 2830570,"Plot 1-4C, 17th Street, Khayaban-e-Seher, D.H.A Phase 6 Nishat Commercial Area Phase 6 Defence Housing Authority, Karachi, 75500, Pakistan",,Yes,https://thebuzzingbeez.com/,,+92 327 2830570,,,296,"Cafes Karachi, Pakistan"
Knead Cafe Karachi,+92 334 7999123,"C, 14 Shahjahan Ave, near Sakhi Hassan, Block J Chowrangi, Karachi, Karachi, Pakistan","https://www.facebook.com/kneadcafe1, https://www.instagram.com/kneadcafe1/",Yes,http://www.knead.pk/,http://www.knead.pk/about-us,+92 334 7999123,knead@skillsvalley.pk,,545,"Cafes Karachi, Pakistan"
Café Frontier,+92 348 0227745,"VX6Q+X6V, Darya Abad Lyari, Karachi, Pakistan",,No,,,+92 348 0227745,,,462,"Cafes Karachi, Pakistan"
Cafe Karachi,6917092353,"W35F+X23, Block 13D-2 Block 13 D 2 Gulshan-e-Iqbal, Karachi, Pakistan",,No,,,6917092353,,,9,"Cafes Karachi, Pakistan"
Coffee Wagera Maskan (Karachi),+92 332 3404762,"Shops No. 1, Regency Apartments, Allama Shabbir Ahmed Usmani Rd, Block 4 Gulshan-e-Iqbal, Karachi, 75300, Pakistan",,Yes,https://foodpanda.pk/restaurant/v3ll/coffee-wagera-maskan?utm_source=google&utm_medium=organic&utm_campaign=google_reserve_place_order_action,,+92 332 3404762,,,1368,"Cafes Karachi, Pakistan"
Cafe My Karachi,+92 335 2948287,"B 546, Federal B Area Block 13 Gulberg Town, Karachi, 75950, Pakistan",,No,,,+92 335 2948287,,,297,"Cafes Karachi, Pakistan"
The Senator Cafe,+92 304 6538769,"Ground Floor, Emaar Oceanfront Pearl Tower 1, D.H.A. Phase 8 Zone D Phase 8 Karachi, 75500, Pakistan",,Yes,https://foodpanda.pk/restaurant/nj6y/the-senator-cafe?utm_source=google&utm_medium=organic&utm_campaign=google_reserve_place_order_action,,+92 304 6538769,,,162,"Cafes Karachi, Pakistan"
Cafe Piyala,024.9457892,"Shahjahan Ave, near peoples colony, Gulshan-e-Waseem Sector 16 A Batha Town, Karachi, Pakistan",,No,,,024.9457892,,,9638,"Cafes Karachi, Pakistan"
8 chuk chakiwara,16694057212,"VX7X+3GC, Baghdadi Shiddi Village, Karachi, Pakistan",,No,,,16694057212,,,83,"Cafes Karachi, Pakistan"
Cafe Pyala,+92 313 5292057,"Block, 16, Gulberg Block 16 Town, Karachi, Pakistan",,No,,,+92 313 5292057,,,4308,"Cafes Karachi, Pakistan"
Xero-Bytes-Cafe,+92 311 0289562,"Delhi Colony, Karachi, 75600, Pakistan",,Yes,http://www.fb.com/dkjunaid,,+92 311 0289562,,,15,"Cafes Karachi, Pakistan"
Sea Salt co,+92 21 35352619,"Emaar - ocean front, Zone D Phase 8 Karachi, Pakistan",,Yes,https://www.foodpanda.pk/food-ordering?c=pk&s=s&vc=ggld&adj_t=1naixy2v_1nsybtos&adj_campaign=google_reserve_place_order_action_CH-SEO_&adj_deep_link=foodpanda%3A%2F%2F%3Fc%3Dpk%26s%3Ds%26vc%3Dggld&adj_fallback=https://foodpanda.pk/restaurant/ggld/sea-salt-co?utm_campaign=google_reserve_place_order_action_CH-SEO_&adj_redirect_macos=https://foodpanda.pk/restaurant/ggld/sea-salt-co?utm_campaign=google_reserve_place_order_action_CH-SEO_,,+92 21 35352619,,,1425,"Cafes Karachi, Pakistan"
NHS Zamzama Tandoor Shop,14917407645,"Shop#1, NHS Zamzama Minimart, Navy Housing Society, Karachi, 75600, Pakistan",,No,,,14917407645,,,97,"Cafes Karachi, Pakistan"
Junis Restaurant and Café,+92 334 0000398,"1C, Sahil Commercial Street 6, D.H.A Phase 8, Defence Housing Authority, Phase 8 EXT, 8, Phase E-8 Defence Housing Authority, Karachi, 75500, Pakistan",,Yes,http://www.junis.com.pk/,,+92 334 0000398,,,692,"Cafes Karachi, Pakistan"
Zarar Cafe,+92 309 2143617,"Fida Hussain Shaikha Rd, Nayabad Nawabad, Karachi, 75660, Pakistan",,No,,,+92 309 2143617,,,40,"Cafes Karachi, Pakistan"
Cafe Karachi,024.9259237,"Plot CS 25, Block 7 Naseerabad Block 14 Gulberg Town, Karachi, Pakistan",,No,,,024.9259237,,,19,"Cafes Karachi, Pakistan"
Lyari Girls Cafe,+92 331 1333624,"VX9Q+WC6, Juna Kalri, Karachi, Pakistan",http://twitter.com/Lyari_GirlsCafe,No,,,+92 331 1333624,,,10,"Cafes Karachi, Pakistan"
CAFE KARACHI,+92 307 2234087,"Shop#11, Al Khizra Heights, Block 3-A Block 3 A Gulistan-e-Johar, Karachi, Karachi City, Sindh 75290, Block 3 A Jauhar, Karachi, 75300, Pakistan",,No,,,+92 307 2234087,,,9,"Cafes Karachi, Pakistan"
Palm Cafe,18082402494,"Corps Officers Mess, Napier Quarter, Karachi, Pakistan",,No,,,18082402494,,,2,"Cafes Karachi, Pakistan"
Roadside Cafe.,+92 21 35869778,"Nehr-e-Khayyam St, Block 5 Clifton, Karachi, 75600, Pakistan",,No,,,+92 21 35869778,,,775,"Cafes Karachi, Pakistan"
Drop Coffee Sunset DHA Phase 2,024.8295109,"Shell Pump, 39 Sunset Blvd Rd, Phase 2 Ext Defence Housing Authority, Karachi, 75600, Phase 2 Ext Defence Housing Authority, Karachi, 75500, Pakistan",,Yes,https://foodpanda.pk/restaurant/q3vk/drop-coffee-clifton?utm_source=google&utm_medium=organic&utm_campaign=google_reserve_place_order_action,,024.8295109,,,12,"Coffee Shops Karachi, Pakistan"
dbrewd Coffee & More,+92 371 1034277,"Suit #04, Alflah Court, I.I Chundrigar Rd, City Railway Colony, Karachi, Pakistan",,Yes,https://foodpanda.pk/restaurant/q2lg/d-brewd?utm_source=google&utm_medium=organic&utm_campaign=google_reserve_place_order_action,,+92 371 1034277,,,270,"Coffee Shops Karachi, Pakistan"
Apollo Coffee 🚀,+92 329 0198229,"Apollo F50, off E Street, Block 4 Clifton, Karachi, 75500, Pakistan",https://instagram.com/brew.apollo,Yes,https://foodpanda.pk/restaurant/o0cw/apollo?utm_source=google&utm_medium=organic&utm_campaign=google_reserve_place_order_action,,+92 329 0198229,,,321,"Coffee Shops Karachi, Pakistan"
Artisan Coffee Roaster,+92 334 6931457,"Ground Floor, Vital Foakh Tower, Karachi Memon Co-operative Housing Society Jinnah Housing Society P.E.C.H.S., Karachi, Pakistan",,Yes,https://www.foodpanda.pk/food-ordering?c=pk&s=s&vc=cxtn&adj_t=1naixy2v_1nsybtos&adj_campaign=google_reserve_place_order_action_CH-SEO_&adj_deep_link=foodpanda%3A%2F%2F%3Fc%3Dpk%26s%3Ds%26vc%3Dcxtn&adj_fallback=https://foodpanda.pk/restaurant/cxtn/artisan-coffee-roaster-tipu-sultan?utm_campaign=google_reserve_place_order_action_CH-SEO_&adj_redirect_macos=https://foodpanda.pk/restaurant/cxtn/artisan-coffee-roaster-tipu-sultan?utm_campaign=google_reserve_place_order_action_CH-SEO_,,+92 334 6931457,,,196,"Coffee Shops Karachi, Pakistan"
Luna Coffee,+92 303 5862333,"Building Plot No 5-C, ground floor, Khayaban-e-Shaheen, D.H.A. Phase 8 Zulfiqar & Al Murtaza Commercial Area Phase 8 Defence Housing Authority, Karachi, 75500, Pakistan",,Yes,https://qrco.de/bfbV8g,,+92 303 5862333,,,1509,"Coffee Shops Karachi, Pakistan"
The Brew Lab,+92 339 2739522,"The Brew lab, Block 5 Clifton, Karachi, 75600, Pakistan",,Yes,https://www.foodpanda.pk/food-ordering?c=pk&s=s&vc=m8h6&adj_t=1naixy2v_1nsybtos&adj_campaign=google_reserve_place_order_action_CH-SEO_&adj_deep_link=foodpanda%3A%2F%2F%3Fc%3Dpk%26s%3Ds%26vc%3Dm8h6&adj_fallback=https://foodpanda.pk/restaurant/m8h6/the-brew-lab?utm_campaign=google_reserve_place_order_action_CH-SEO_&adj_redirect_macos=https://foodpanda.pk/restaurant/m8h6/the-brew-lab?utm_campaign=google_reserve_place_order_action_CH-SEO_,,+92 339 2739522,,,44,"Coffee Shops Karachi, Pakistan"
Corti Cafe,+92 331 2226784,"11-B, Nursery Shahra-e-Faisal, P.E.C.H.S Block 2 PECHS Extension Block 6 P.E.C.H.S., Karachi, Pakistan",,Yes,https://foodpanda.pk/restaurant/i3f0/corti?utm_source=google&utm_medium=organic&utm_campaign=google_reserve_place_order_action,,+92 331 2226784,,,30,"Coffee Shops Karachi, Pakistan"
1885 Coffee,+92 339 4828440,"Plot F, 8, KDA Scheme #1 KDA Scheme 1, Karachi, 75350, Pakistan",,Yes,https://www.foodpanda.pk/food-ordering?c=pk&s=s&vc=vtst&adj_t=1naixy2v_1nsybtos&adj_campaign=google_reserve_place_order_action_CH-SEO_&adj_deep_link=foodpanda%3A%2F%2F%3Fc%3Dpk%26s%3Ds%26vc%3Dvtst&adj_fallback=https://foodpanda.pk/restaurant/vtst/1885-coffee?utm_campaign=google_reserve_place_order_action_CH-SEO_&adj_redirect_macos=https://foodpanda.pk/restaurant/vtst/1885-coffee?utm_campaign=google_reserve_place_order_action_CH-SEO_,,+92 339 4828440,,,49,"Coffee Shops Karachi, Pakistan"
Mondo Coffee Bar,+92 319 1888220,"Showroom # 01, A Zulfiqar Ave, D.H.A. Phase 8 Zulfiqar & Al Murtaza Commercial Area Phase 8 Defence Housing Authority, Karachi, 75500, Pakistan",,Yes,https://www.foodpanda.pk/food-ordering?c=pk&s=s&vc=sbhg&adj_t=1naixy2v_1nsybtos&adj_campaign=google_reserve_place_order_action_CH-SEO_&adj_deep_link=foodpanda%3A%2F%2F%3Fc%3Dpk%26s%3Ds%26vc%3Dsbhg&adj_fallback=https://foodpanda.pk/restaurant/sbhg/mondo-coffee-bar?utm_campaign=google_reserve_place_order_action_CH-SEO_&adj_redirect_macos=https://foodpanda.pk/restaurant/sbhg/mondo-coffee-bar?utm_campaign=google_reserve_place_order_action_CH-SEO_,,+92 319 1888220,,,1045,"Coffee Shops Karachi, Pakistan"
Costa Coffee,+92 21 33390489,"6 Shahbaz Commercial, Phase Shahbaz Commercial Area Phase 6 Defence Housing Authority, Karachi, 75600, Pakistan",,Yes,https://foodpanda.pk/restaurant/xtas/costa-coffee-dha?utm_source=google&utm_medium=organic&utm_campaign=google_reserve_place_order_action,,+92 21 33390489,,,808,"Coffee Shops Karachi, Pakistan"
Coffee Wagera Bahadurabad (Karachi),+92 21 37121418,"Plot No. 15, Saima Arcade, Shop No. 1, 21, Bihar Muslim Society Sharfabad, Karachi, 07482, Pakistan","https://www.facebook.com/foodpanda.pk/, https://www.instagram.com/foodpanda_pakistan/",Yes,https://www.foodpanda.pk/food-ordering?c=pk&s=s&vc=q8uc&adj_t=1naixy2v_1nsybtos&adj_campaign=google_reserve_place_order_action_CH-SEO_&adj_deep_link=foodpanda%3A%2F%2F%3Fc%3Dpk%26s%3Ds%26vc%3Dq8uc&adj_fallback=https://foodpanda.pk/restaurant/q8uc/coffee-wagera-bahadurabad?utm_campaign=google_reserve_place_order_action_CH-SEO_&adj_redirect_macos=https://foodpanda.pk/restaurant/q8uc/coffee-wagera-bahadurabad?utm_campaign=google_reserve_place_order_action_CH-SEO_,https://www.foodpanda.pk/food-ordering?c=pk&s=s&vc=q8uc&adj_t=1naixy2v_1nsybtos&adj_campaign=google_reserve_place_order_action_CH-SEO_&adj_deep_link=foodpanda%3A%2F%2F%3Fc%3Dpk%26s%3Ds%26vc%3Dq8uc&adj_fallback=https://foodpanda.pk/restaurant/q8uc/coffee-wagera-bahadurabad?utm_campaign=google_reserve_place_order_action_CH-SEO_&adj_redirect_macos=https://foodpanda.pk/restaurant/q8uc/coffee-wagera-bahadurabad?utm_campaign=google_reserve_place_order_action_CH-SEO_#main-content,+92 21 37121418,"20Appetit@2x.png, corporate@foodpanda.pk, help@sgroup.com, help@sgroup.com., support@foodora.no, u002FfdAPAC_header_img@3x.png, u002Fillustration_allowance@2x.png, u002Fillustration_later_allowance@2x.png, u002Fillustration_used_allowance@2x.png",,346,"Coffee Shops Karachi, Pakistan"
The Coffee Bean & Tea Leaf,+92 21 33409134,"Byco Petrol Pump, Sea View Rd, DHA Phase 5 Defence V Defence Housing Authority, Karachi, 75600, Pakistan",,Yes,https://www.foodpanda.pk/food-ordering?c=pk&s=s&vc=qyj9&adj_t=1naixy2v_1nsybtos&adj_campaign=google_reserve_place_order_action_CH-SEO_&adj_deep_link=foodpanda%3A%2F%2F%3Fc%3Dpk%26s%3Ds%26vc%3Dqyj9&adj_fallback=https://foodpanda.pk/restaurant/qyj9/the-coffee-bean-and-tea-leaf-dha-karachi?utm_campaign=google_reserve_place_order_action_CH-SEO_&adj_redirect_macos=https://foodpanda.pk/restaurant/qyj9/the-coffee-bean-and-tea-leaf-dha-karachi?utm_campaign=google_reserve_place_order_action_CH-SEO_,,+92 21 33409134,,,343,"Coffee Shops Karachi, Pakistan"
C20 Coffee,+92 21 38881834,"107-C Khayaban-e-Shaheen, D.H.A. Phase 8 Zulfiqar & Al Murtaza Commercial Area Phase 8 DHA, Karachi, Karachi, 75500, Pakistan",,Yes,https://www.foodpanda.pk/food-ordering?c=pk&s=s&vc=r1zu&adj_t=1naixy2v_1nsybtos&adj_campaign=google_reserve_place_order_action_CH-SEO_&adj_deep_link=foodpanda%3A%2F%2F%3Fc%3Dpk%26s%3Ds%26vc%3Dr1zu&adj_fallback=https://foodpanda.pk/restaurant/r1zu/coffee-c20?utm_campaign=google_reserve_place_order_action_CH-SEO_&adj_redirect_macos=https://foodpanda.pk/restaurant/r1zu/coffee-c20?utm_campaign=google_reserve_place_order_action_CH-SEO_,,+92 21 38881834,,,456,"Coffee Shops Karachi, Pakistan"
Melbrew - E Street,+92 21 111 052 883,"Block 4 E St, Block 4 Clifton, Karachi, 75500, Pakistan",,Yes,https://foodpanda.pk/restaurant/wct0/melbrew-e-street?utm_source=google&utm_medium=organic&utm_campaign=google_reserve_place_order_action,,+92 21 111 052 883,,,222,"Coffee Shops Karachi, Pakistan"
Black Honey,+92 312 3799175,"Shop 2, 27c Lane 13, D.H.A Phase 6 Bukhari Commercial Area Phase 6 Defence Housing Authority, Karachi, 75500, Pakistan",,Yes,https://foodpanda.pk/restaurant/rmky/black-honey-bukhari?utm_source=google&utm_medium=organic&utm_campaign=google_reserve_place_order_action,,+92 312 3799175,,,142,"Coffee Shops Karachi, Pakistan"
Costa Coffee Enchante,+92 21 33480771,"near Underpass, DC 9/7 Zone A Block 7 Clifton, Karachi, 75600, Pakistan",,Yes,https://foodpanda.pk/restaurant/hcex/costa-coffee-clifton?utm_source=google&utm_medium=organic&utm_campaign=google_reserve_place_order_action,,+92 21 33480771,,,84,"Coffee Shops Karachi, Pakistan"
Guild Coffee,024.8631875,"Block-6 Block 6 P.E.C.H.S., Karachi, Pakistan",,Yes,https://www.foodpanda.pk/food-ordering?c=pk&s=s&vc=nyrp&adj_t=1naixy2v_1nsybtos&adj_campaign=google_reserve_place_order_action_CH-SEO_&adj_deep_link=foodpanda%3A%2F%2F%3Fc%3Dpk%26s%3Ds%26vc%3Dnyrp&adj_fallback=https://foodpanda.pk/restaurant/nyrp/guild-coffee?utm_campaign=google_reserve_place_order_action_CH-SEO_&adj_redirect_macos=https://foodpanda.pk/restaurant/nyrp/guild-coffee?utm_campaign=google_reserve_place_order_action_CH-SEO_,,024.8631875,,,19,"Coffee Shops Karachi, Pakistan"
Brewesta Coffee,+92 303 2060909,"113 Alamgir Rd, Bahadurabad Bahadur Yar Jang CHS, Karachi, 75600, Pakistan",,Yes,https://www.foodpanda.pk/food-ordering?c=pk&s=s&vc=x51s&adj_t=1naixy2v_1nsybtos&adj_campaign=google_reserve_place_order_action_CH-SEO_&adj_deep_link=foodpanda%3A%2F%2F%3Fc%3Dpk%26s%3Ds%26vc%3Dx51s&adj_fallback=https://foodpanda.pk/restaurant/x51s/brewesta?utm_campaign=google_reserve_place_order_action_CH-SEO_&adj_redirect_macos=https://foodpanda.pk/restaurant/x51s/brewesta?utm_campaign=google_reserve_place_order_action_CH-SEO_,,+92 303 2060909,,,197,"Coffee Shops Karachi, Pakistan"
Esquires coffee,+92 21 38897719,"Second Floor, Dolmen Mall, Block 4 Clifton, Karachi, Pakistan",,Yes,https://foodpanda.pk/restaurant/w1lu/esquires-coffee-dmc?utm_source=google&utm_medium=organic&utm_campaign=google_reserve_place_order_action,,+92 21 38897719,,,672,"Coffee Shops Karachi, Pakistan"
WE CAN,,"Ground Floor, Ocean Towers, Block 9 Clifton, Karachi, 75600, Pakistan",,Yes,https://www.foodpanda.pk/food-ordering?c=pk&s=s&vc=wxyq&adj_t=1naixy2v_1nsybtos&adj_campaign=google_reserve_place_order_action_CH-SEO_&adj_deep_link=foodpanda%3A%2F%2F%3Fc%3Dpk%26s%3Ds%26vc%3Dwxyq&adj_fallback=https://foodpanda.pk/restaurant/wxyq/wecan-coffee?utm_campaign=google_reserve_place_order_action_CH-SEO_&adj_redirect_macos=https://foodpanda.pk/restaurant/wxyq/wecan-coffee?utm_campaign=google_reserve_place_order_action_CH-SEO_,,,,,30,"Coffee Shops Karachi, Pakistan"
Melbrew - Bukhari,+92 335 2900099,"Shop A-2, Ground Floor, plot, 21-C Lane 13, D.H.A Phase 6 Bukhari Commercial Area Phase 6 Defence Housing Authority, Karachi, 75500, Pakistan",,Yes,https://foodpanda.pk/restaurant/rnt9/melbrew?utm_source=google&utm_medium=organic&utm_campaign=google_reserve_place_order_action,,+92 335 2900099,,,517,"Coffee Shops Karachi, Pakistan"
Latte,+92 329 2607307,"Shop 9, Silverline Apartments, Jamaluddin Afghani Rd, CP & Berar Society BMCHS Sharafabad, Karachi, Pakistan",,Yes,https://foodpanda.pk/restaurant/e46n/latte?utm_source=google&utm_medium=organic&utm_campaign=google_reserve_place_order_action,,+92 329 2607307,,,49,"Coffee Shops Karachi, Pakistan"
Drop Coffee Bar,+92 21 37120763,"Tipu Sultan Rd, Kathiawar Society Block A Kathiawar Society, Karachi, Pakistan",,Yes,https://foodpanda.pk/restaurant/weta/drop-coffee-tipu-sultan?utm_source=google&utm_medium=organic&utm_campaign=google_reserve_place_order_action,,+92 21 37120763,,,973,"Coffee Shops Karachi, Pakistan"
Drip Coffee Bar,+92 343 8802005,"Zone, Plot 62C, Zulfiqar & Al Murtaza Commercial, Street 4, A, D.H.A. Phase 8 Zulfiqar & Al Murtaza Commercial Area Phase 8 Defence Housing Authority, Karachi, 75500, Pakistan",,Yes,https://dripcoffeebar.pk/,,+92 343 8802005,,,48,"Coffee Shops Karachi, Pakistan"
Froth - The Coffee Bar,+92 334 0137684,"Shop # 12, Sky Garden KDA, Tipu Sultan Rd, Mohammad Ali Society Muhammad Ali Chs (Machs), Karachi, Pakistan",,Yes,https://www.foodpanda.pk/food-ordering?c=pk&s=s&vc=kzvk&adj_t=1naixy2v_1nsybtos&adj_campaign=google_reserve_place_order_action_CH-SEO_&adj_deep_link=foodpanda%3A%2F%2F%3Fc%3Dpk%26s%3Ds%26vc%3Dkzvk&adj_fallback=https://foodpanda.pk/restaurant/kzvk/froth-tipu-sultan?utm_campaign=google_reserve_place_order_action_CH-SEO_&adj_redirect_macos=https://foodpanda.pk/restaurant/kzvk/froth-tipu-sultan?utm_campaign=google_reserve_place_order_action_CH-SEO_,,+92 334 0137684,,,97,"Coffee Shops Karachi, Pakistan"
Coffee Wagera Ocean (Karachi),+92 332 1505442,"Food Court, Ocean Towers, Block 9 Clifton, Karachi, 75600, Pakistan",http://www.facebook.com/coffeewageraocean/menu,Yes,https://foodpanda.pk/restaurant/jyj1/coffee-wagera-occean?utm_source=google&utm_medium=organic&utm_campaign=google_reserve_place_order_action,,+92 332 1505442,,,26,"Coffee Shops Karachi, Pakistan"
Royal cup coffee & juices,+92 321 2442266,"Plot no A38/1, line Lane No. 1, Delhi Colony, Karachi, 75600, Pakistan",,No,,,+92 321 2442266,,,2,"Coffee Shops Karachi, Pakistan"
The Story,+92 300 8177335,"42 C, Lane 1 Khayaban-e-Bukhari, D.H.A Phase 6 Bukhari Commercial Area Phase 6 Defence Housing Authority, Karachi, 75500, Pakistan",https://facebook.com/thestorycafepk/,No,,,+92 300 8177335,,,240,"Coffee Shops Karachi, Pakistan"
Vox Coffee,+92 334 4608222,"Smash X, KDA Scheme #1 KDA Scheme 1, Karachi, 74400 KDA Scheme 1, KDA Scheme 1, Karachi, 74400, Pakistan",,Yes,https://foodpanda.pk/restaurant/pep6/vox-coffee?utm_source=google&utm_medium=organic&utm_campaign=google_reserve_place_order_action,,+92 334 4608222,,,107,"Coffee Shops Karachi, Pakistan"
Brocado Cafe,+92 336 1110307,"4th Floor Emerald tower, clifton Block 5 do Talwar, Block 5 Clifton, Karachi, 75600, Pakistan",https://www.instagram.com/brocadocafe/,Yes,http://www.brocadocafe.com/,,+92 336 1110307,,,17,"Coffee Shops Karachi, Pakistan"
96nm,+92 309 6263333,"Shop No. 5, 20-C Lane Number 14, D.H.A Phase 6 Bukhari Commercial Area Phase 6 DHA Karachi, Karachi, 75500, Pakistan",,Yes,https://www.foodpanda.pk/food-ordering?c=pk&s=s&vc=wsho&adj_t=1naixy2v_1nsybtos&adj_campaign=google_reserve_place_order_action_CH-SEO_&adj_deep_link=foodpanda%3A%2F%2F%3Fc%3Dpk%26s%3Ds%26vc%3Dwsho&adj_fallback=https://foodpanda.pk/restaurant/wsho/96nm-coffee?utm_campaign=google_reserve_place_order_action_CH-SEO_&adj_redirect_macos=https://foodpanda.pk/restaurant/wsho/96nm-coffee?utm_campaign=google_reserve_place_order_action_CH-SEO_,,+92 309 6263333,,,196,"Coffee Shops Karachi, Pakistan"
Loop Coffee Co. Lab | Phase 8,+92 307 1115667,"Ground Floor, 3C, 10 Zulfiqar Street 1, D.H.A. Phase 8 Zulfiqar & Al Murtaza Commercial Area Phase 8 Defence Housing Authority, Karachi, 75500, Pakistan",,No,,,+92 307 1115667,,,386,"Coffee Shops Karachi, Pakistan"
Cortado Specialty Coffee Bar,+92 317 1178283,"R24Q+MHG, DHA Phase 5 Tauheed Commercial Area Defence V Defence Housing Authority, Karachi, 75500, Pakistan",https://www.instagram.com/cortado.pk?igsh=MWczZDVzcm9sYmx1MQ==,No,,,+92 317 1178283,,,33,"Coffee Shops Karachi, Pakistan"
Mocharo Coffee,+92 336 9992753,"Nishtar Rd, Bhimpura, Karachi, 74200, Pakistan",,Yes,https://mocharocoffee.com/,,+92 336 9992753,,,29,"Coffee Shops Karachi, Pakistan"
NASHIST,024.8315607,"Plot 18c Shop 1,2 Sunset line 9 Pheas 2 Extension D. H. A Karachi Pheas, 2 extension, Phase 2 Commercial Area Defence Housing Authority, Karachi, 75500, Pakistan",,Yes,http://www.nashist.pk/,,024.8315607,,,732,"Coffee Shops Karachi, Pakistan"
The West Coast Coffee Pakistan,+92 329 3929143,"Garden West Area, Karachi, 74000, Pakistan",,Yes,https://westcoastcoffee.pk/,,+92 329 3929143,,,11,"Coffee Shops Karachi, Pakistan"
KREMSI - Badar Commercial,+92 329 2157129,"Shop no-2, Building on Plot 53-C, main Khayaban-e-Badr, Phase 5 dha Khayabane, Badar Commercial Area Defence V badr, Karachi, 75500, Pakistan",https://www.instagram.com/stories/highlights/18033922277632414/,Yes,https://kremsi.pk/,,+92 329 2157129,kremsi.pk@gmail.com,,194,"Coffee Shops Karachi, Pakistan"
Cafe naveed Piyala,+92 300 2782585,"R3J8+F7Q, Sunset Lane 5, D.H.A Phase II Extension Phase 2 Commercial Area Defence Housing Authority, Karachi, 75500, Pakistan",,No,,,+92 300 2782585,,,1020,"Coffee Shops Karachi, Pakistan"
Mimi Bakes Gluten Free Home Baker,+92 333 2344621,"R2HX+W2F, Punjab Colony, Karachi, 75600, Pakistan",https://www.facebook.com/mimibakeswithlove,No,,,+92 333 2344621,,,49,"Coffee Shops Karachi, Pakistan"
Cafe Emarat Hotel,,"R2CW+CPX, Road, Main Bus stand Upper Gizri Gizri, Karachi, 75500, Pakistan",,No,,,,,,1,"Coffee Shops Karachi, Pakistan"
Coffee Shopfi,+92 331 3696335,"Shop # A 24, Block B2, National Complex, Main Rashid Minhas Rd, Block 10-A Block 10 A Gulshan-e-Iqbal, Karachi, 75500, Pakistan",,Yes,https://www.foodpanda.pk/food-ordering?c=pk&s=s&vc=fqhu&adj_t=1naixy2v_1nsybtos&adj_campaign=google_reserve_place_order_action_CH-SEO_&adj_deep_link=foodpanda%3A%2F%2F%3Fc%3Dpk%26s%3Ds%26vc%3Dfqhu&adj_fallback=https://foodpanda.pk/restaurant/fqhu/coffee-shopfi?utm_campaign=google_reserve_place_order_action_CH-SEO_&adj_redirect_macos=https://foodpanda.pk/restaurant/fqhu/coffee-shopfi?utm_campaign=google_reserve_place_order_action_CH-SEO_,,+92 331 3696335,,,27,"Coffee Shops Karachi, Pakistan"
GREEN HOUSE - SPECIALITY COFFEE,+92 311 1666844,"FL-8A/8B, FL 7, Block 7 Gulshan-e-Iqbal, Karachi, 75300, Pakistan",,Yes,https://www.foodpanda.pk/food-ordering?c=pk&s=s&vc=hxq8&adj_t=1naixy2v_1nsybtos&adj_campaign=google_reserve_place_order_action_CH-SEO_&adj_deep_link=foodpanda%3A%2F%2F%3Fc%3Dpk%26s%3Ds%26vc%3Dhxq8&adj_fallback=https://foodpanda.pk/restaurant/hxq8/the-green-house?utm_campaign=google_reserve_place_order_action_CH-SEO_&adj_redirect_macos=https://foodpanda.pk/restaurant/hxq8/the-green-house?utm_campaign=google_reserve_place_order_action_CH-SEO_,,+92 311 1666844,,,52,"Coffee Shops Karachi, Pakistan"
Cafe dakhaan,+92 300 9235923,"06, Zamzama Commercial Area Defence V Karachi, 44000, Pakistan",,No,,,+92 300 9235923,,,13,"Coffee Shops Karachi, Pakistan"
Drop Coffee DHA,+92 21 35858093,"lot No. 251, Beach Avenue, Street No. 3, D.H.A. Phase 8 Zone A Phase 8 Defence Housing Authority, Karachi, 75500, Pakistan",,Yes,http://www.dropcoffeebar.co/,,+92 21 35858093,,,188,"Coffee Shops Karachi, Pakistan"
Dunkin' - DHA Phase 2,+92 21 111 366 887,"Commercial Area A Phase 2 Karachi, 75500, Pakistan",,Yes,https://foodpanda.pk/restaurant/u1zn/dunkin-donuts-phase-2?utm_source=google&utm_medium=organic&utm_campaign=google_reserve_place_order_action,,+92 21 111 366 887,,,412,"Coffee Shops Karachi, Pakistan"
Lush Crush Sunset Blvd,+92 300 2913121,"39 Sunset Blvd Rd, Phase 2 Defence Housing Authority, Karachi, 75600, Pakistan",,Yes,https://foodpanda.pk/restaurant/u7dt/lush-crush-sunset?utm_source=google&utm_medium=organic&utm_campaign=google_reserve_place_order_action,,+92 300 2913121,,,7,"Coffee Shops Karachi, Pakistan"
Karamel (Zamzama),+92 320 5272635,"Shop 10-C, 10th Commercial Ln, Zamzama Commercial Area Defence V Karachi, 75600, Pakistan",http://www.facebook.com/karameldesserts,Yes,https://foodpanda.pk/restaurant/t4ze/karamel-dha?utm_source=google&utm_medium=organic&utm_campaign=google_reserve_place_order_action,,+92 320 5272635,,,163,"Coffee Shops Karachi, Pakistan"
The Coffee Bean & Tea Leaf,+92 21 34571919,"W529+WJ5, Faisal Cantonment, Karachi, Pakistan",,Yes,http://coffeebean.pk/,,+92 21 34571919,,,101,"Coffee Shops Karachi, Pakistan"
Yuka Coffee bar,+92 331 9852111,"Allama Shabbir Ahmed Usmani Rd, Block 4 Gulshan-e-Iqbal, Karachi, Pakistan",,Yes,https://www.foodpanda.pk/food-ordering?c=pk&s=s&vc=sls0&adj_t=1naixy2v_1nsybtos&adj_campaign=google_reserve_place_order_action_CH-SEO_&adj_deep_link=foodpanda%3A%2F%2F%3Fc%3Dpk%26s%3Ds%26vc%3Dsls0&adj_fallback=https://foodpanda.pk/restaurant/sls0/yuka-coffee?utm_campaign=google_reserve_place_order_action_CH-SEO_&adj_redirect_macos=https://foodpanda.pk/restaurant/sls0/yuka-coffee?utm_campaign=google_reserve_place_order_action_CH-SEO_,,+92 331 9852111,,,155,"Coffee Shops Karachi, Pakistan"
Cafe Baithak,2354267839,"V273+JP2, Ghazi St, Bhimpura Muslimabad Old Haji Camp, Karachi, Pakistan",,No,,,2354267839,,,35,"Coffee Shops Karachi, Pakistan"
Esmikans,16856473014,"V262+7FR, Napier Quarter, Karachi, Pakistan",,No,,,16856473014,,,2,"Coffee Shops Karachi, Pakistan"
Dipshop,+92 311 1106106,"41 BLOCK, NO 9, D C, Block 9 Clifton, Karachi, 75600, Pakistan",,No,,,+92 311 1106106,,,212,"Coffee Shops Karachi, Pakistan"
Ab cafe denso road lyari 8 chowk,6347482190,"VX2W+RCJ, Paria St, Kharadar Ghulam Hussain Kasim Quarters, Karachi, Pakistan",,No,,,6347482190,,,,"Coffee Shops Karachi, Pakistan"
Coffe Bliss,,"Napier Quarter, Karachi, Pakistan",,No,,,,,,,"Coffee Shops Karachi, Pakistan"
Pizza Bistro- DHA,+92 21 111 141 141,"Shop-1, Plot C9-C Khayaban-e-Shamsheer, DHA Phase 5 Stadium Commercial Area Defence V Khyaban e, Karachi, 75500, Pakistan",,Yes,https://www.foodpanda.pk/food-ordering?c=pk&s=s&vc=cyoc&adj_t=1naixy2v_1nsybtos&adj_campaign=google_reserve_place_order_action_CH-SEO_&adj_deep_link=foodpanda%3A%2F%2F%3Fc%3Dpk%26s%3Ds%26vc%3Dcyoc&adj_fallback=https://foodpanda.pk/restaurant/cyoc/pizza-bistro-dha?utm_campaign=google_reserve_place_order_action_CH-SEO_&adj_redirect_macos=https://foodpanda.pk/restaurant/cyoc/pizza-bistro-dha?utm_campaign=google_reserve_place_order_action_CH-SEO_,,+92 21 111 141 141,,,816,"Pizza Restaurants Karachi, Pakistan"
The Big Pizza,+92 21 38892244,"Shop # 1 Plot # 91 Al Haram Tower 2, Blk 3, Bihar Muslim Society BMCHS Sharafabad, Karachi, Pakistan",,Yes,http://www.thebigpizza.pk/,,+92 21 38892244,thebigpizza@gmail.com,,4332,"Pizza Restaurants Karachi, Pakistan"
The Big Pizza - DHA,+92 308 8892244,"Plot #17-C Khayaban-e-Ittehad Road, Phase 2 Ext Defence Housing Authority, Karachi, 75500, Pakistan",,Yes,https://www.foodpanda.pk/food-ordering?c=pk&s=s&vc=n22l&adj_t=1naixy2v_1nsybtos&adj_campaign=google_reserve_place_order_action_CH-SEO_&adj_deep_link=foodpanda%3A%2F%2F%3Fc%3Dpk%26s%3Ds%26vc%3Dn22l&adj_fallback=https://foodpanda.pk/restaurant/n22l/the-big-pizza-khayaban-e-ittehad?utm_campaign=google_reserve_place_order_action_CH-SEO_&adj_redirect_macos=https://foodpanda.pk/restaurant/n22l/the-big-pizza-khayaban-e-ittehad?utm_campaign=google_reserve_place_order_action_CH-SEO_,,+92 308 8892244,,,766,"Pizza Restaurants Karachi, Pakistan"
Redbrick Pizzeria Napoletana,+92 300 3361188,"Plot 188 J, Block 2 P.E.C.H.S., Karachi, 75400, Pakistan",,No,,,+92 300 3361188,,,489,"Pizza Restaurants Karachi, Pakistan"
Broadway Pizza - Clifton,+92 21 111 339 339,"Khayaban-e-Iqbal, Block 9 Clifton, Karachi, 75600, Pakistan",,Yes,https://foodpanda.pk/restaurant/s9so/broadway-pizza-clifton?utm_source=google&utm_medium=organic&utm_campaign=google_reserve_place_order_action,,+92 21 111 339 339,,,4483,"Pizza Restaurants Karachi, Pakistan"
PIZZERIA Bahadurabad,+92 21 111 981 111,"Imperial Residency, Alamgir Rd, Bahadurabad Bahadur Yar Jang CHS, Karachi, Pakistan",,Yes,http://www.pizzeria.com.pk/,http://www.pizzeria.com.pk/#about,+92 21 111 981 111,,,523,"Pizza Restaurants Karachi, Pakistan"
Papa Johns Pizza,+92 21 111 117 272,"18-C, Khayaban-e-Jami, Phase V-II Phase 2 Commercial Area Defence Housing Authority, Karachi, 75800, Pakistan",,Yes,https://www.papajohns.com.pk/categories,,+92 21 111 117 272,,,162,"Pizza Restaurants Karachi, Pakistan"
Famous O's Pizza - DHA,+92 322 2277669,"Shop #1, Building, 5C Khayaban-e-Seher, D.H.A Phase 6 Shahbaz Commercial Area Phase 6 Defence Housing Authority, Karachi, 75500, Pakistan",,Yes,https://foodpanda.pk/restaurant/s1xe/famous-os-pizza?utm_source=google&utm_medium=organic&utm_campaign=google_reserve_place_order_action,,+92 322 2277669,,,1548,"Pizza Restaurants Karachi, Pakistan"
NAPOLI PIZZA BAHADURABAD,+92 304 8222949,"Shop No 2, Indigo Business Center, 104 Alamgir Rd, Bahadurabad Block 3 BYJCHS, Karachi, 74800, Pakistan",,Yes,https://www.foodpanda.pk/food-ordering?c=pk&s=s&vc=gvxx&adj_t=1naixy2v_1nsybtos&adj_campaign=google_reserve_place_order_action_CH-SEO_&adj_deep_link=foodpanda%3A%2F%2F%3Fc%3Dpk%26s%3Ds%26vc%3Dgvxx&adj_fallback=https://foodpanda.pk/restaurant/gvxx/napoli-pizza?utm_campaign=google_reserve_place_order_action_CH-SEO_&adj_redirect_macos=https://foodpanda.pk/restaurant/gvxx/napoli-pizza?utm_campaign=google_reserve_place_order_action_CH-SEO_,,+92 304 8222949,,,313,"Pizza Restaurants Karachi, Pakistan"
Back Street Pizza,+92 307 1744794,"DEHLI, STREET NO # 01, COLONY, near AL HABIB BANK, Delhi Colony, Karachi, 75500, Pakistan",,Yes,https://foodpanda.pk/restaurant/c9l0/back-street-pizza-c9l0?utm_source=google&utm_medium=organic&utm_campaign=google_reserve_place_order_action,,+92 307 1744794,,,113,"Pizza Restaurants Karachi, Pakistan"
Pizza One,+92 21 34321373,"Shop No 5، Shaheed-e-Millat Road, New Karachi Co-Operative Housing Society New Karachi Society Karachi, Pakistan",,Yes,https://www.pizzaone.pk/,,+92 21 34321373,pizaone1@gmail.com,,1404,"Pizza Restaurants Karachi, Pakistan"
California Pizza - SMCHS,+92 21 111 753 753,"Mustafa Arcade, Captain Fareed Bukhari Shaheed Road, Sindhi Muslim Cooperative Housing Society Block A Sindhi Muslim CHS (SMCHS), Karachi, Pakistan",,Yes,https://foodpanda.pk/restaurant/xsu4/california-pizza-smchs?utm_source=google&utm_medium=organic&utm_campaign=google_reserve_place_order_action,,+92 21 111 753 753,,,370,"Pizza Restaurants Karachi, Pakistan"
P4 Pizza Karachi,+92 330 7474992,"Shop-4 House, Oppsite Qalandari Biryani, 1, Block 8 Block-8 Sector 5 D New Karachi, Karachi, 24700, Pakistan",,No,,,+92 330 7474992,,,1,"Pizza Restaurants Karachi, Pakistan"
Crazy pizza,+92 313 2770405,"304 Street No. 4, Akhtar Colony Sector A Akhtar Colony, Karachi, 75500, Pakistan",,No,,,+92 313 2770405,,,51,"Pizza Restaurants Karachi, Pakistan"
Buru's Pizzeria,+92 321 0028787,"Plot CC، 2 Khaliq-uz-Zaman Rd, 8 Block, behind Eid Ghaa, Park, Block 8 Clifton, Karachi, 75600, Pakistan",,No,,,+92 321 0028787,,,156,"Pizza Restaurants Karachi, Pakistan"
Yellow Taxi Pizza Co.,+92 21 111 935 569,"Plot no، Shop #3, Ground Floor, Saba Arcade، 125 Captain Fareed Bukhari Shaheed Road, Block A Roadoad, Karachi, 75100, Pakistan",,Yes,http://www.yellowtaxipizzaco.com/,,+92 21 111 935 569,,,1074,"Pizza Restaurants Karachi, Pakistan"
Crazy Pizza,+92 311 0383162,"58 Gali Number 2, Block-6 Block 6 P.E.C.H.S., Karachi, Pakistan",,Yes,https://foodpanda.pk/restaurant/t73b/crazy-pizza-t73b?utm_source=google&utm_medium=organic&utm_campaign=google_reserve_place_order_action,,+92 311 0383162,,,38,"Pizza Restaurants Karachi, Pakistan"
Maxican Pizza,+92 306 1114482,"R2JV+P7F, Delhi Colony 2, Karachi, 75600, Pakistan",,Yes,https://www.foodpanda.pk/food-ordering?c=pk&s=s&vc=vae2&adj_t=1naixy2v_1nsybtos&adj_campaign=google_reserve_place_order_action_CH-SEO_&adj_deep_link=foodpanda%3A%2F%2F%3Fc%3Dpk%26s%3Ds%26vc%3Dvae2&adj_fallback=https://foodpanda.pk/restaurant/vae2/maxican-pizza-dehli-colony-vae2?utm_campaign=google_reserve_place_order_action_CH-SEO_&adj_redirect_macos=https://foodpanda.pk/restaurant/vae2/maxican-pizza-dehli-colony-vae2?utm_campaign=google_reserve_place_order_action_CH-SEO_,,+92 306 1114482,,,5,"Pizza Restaurants Karachi, Pakistan"
3 star Pizza & Pizza king Home chef,+92 301 0183173,"R2MV+38P, Delhi Colony, Karachi, 75600, Pakistan",,No,,,+92 301 0183173,,,3,"Pizza Restaurants Karachi, Pakistan"
The Big Pizza - North Karachi,+92 329 8892244,"L 416, Sector 11C-3 Sector 11 C 1 North Karachi, Karachi, Pakistan",,Yes,https://www.foodpanda.pk/food-ordering?c=pk&s=s&vc=h6ng&adj_t=1naixy2v_1nsybtos&adj_campaign=google_reserve_place_order_action_CH-SEO_&adj_deep_link=foodpanda%3A%2F%2F%3Fc%3Dpk%26s%3Ds%26vc%3Dh6ng&adj_fallback=https://foodpanda.pk/restaurant/h6ng/the-big-pizza-north-karachi?utm_campaign=google_reserve_place_order_action_CH-SEO_&adj_redirect_macos=https://foodpanda.pk/restaurant/h6ng/the-big-pizza-north-karachi?utm_campaign=google_reserve_place_order_action_CH-SEO_,,+92 329 8892244,,,933,"Pizza Restaurants Karachi, Pakistan"
Kababjees Pizza - Clifton,+92 333 2569842,"Shop# 3 Perdesi pride, Chartered Accountant Ave Frere Town, Block 8 Clifton, Karachi, 75600, Pakistan",,Yes,https://foodpanda.pk/restaurant/ff0f/kababjees-pizza-clifton?utm_source=google&utm_medium=organic&utm_campaign=google_reserve_place_order_action,,+92 333 2569842,,,167,"Pizza Restaurants Karachi, Pakistan"
Domino's Pizza | Zamzama,+92 21 111 366 466,"Ground floor, Mall square, Shop # 9, Zamzama Blvd, Zamzama Commercial Area Defence V Clifton, Karachi, 75500, Pakistan",,Yes,https://foodpanda.pk/restaurant/s2nl/dominos-pizza-zamzama?utm_source=google&utm_medium=organic&utm_campaign=google_reserve_place_order_action,,+92 21 111 366 466,,,963,"Pizza Restaurants Karachi, Pakistan"
Caesar's Pizza North Nazimabad,+92 21 111 223 727,"115-B, Block H North Nazimabad Town, Karachi, 74600, Pakistan",,Yes,https://www.caesars.com.pk/,,+92 21 111 223 727,query@caesars.pk,,1787,"Pizza Restaurants Karachi, Pakistan"
Pizza Max - Tariq Road,+92 21 111 629 111,"Najeeb Corner, 744 Tariq Rd, P.E.C.H.S Block 2 Block 2 P.E.C.H.S., Karachi, Pakistan","http://pizzamax.com.pk/, https://www.pizzamax.com.pk/menu",Yes,https://www.foodpanda.pk/food-ordering?c=pk&s=s&vc=pvmv&adj_t=1naixy2v_1nsybtos&adj_campaign=google_reserve_place_order_action_CH-SEO_&adj_deep_link=foodpanda%3A%2F%2F%3Fc%3Dpk%26s%3Ds%26vc%3Dpvmv&adj_fallback=https://foodpanda.pk/restaurant/pvmv/pizza-max-tariq-road-pvmv?utm_campaign=google_reserve_place_order_action_CH-SEO_&adj_redirect_macos=https://foodpanda.pk/restaurant/pvmv/pizza-max-tariq-road-pvmv?utm_campaign=google_reserve_place_order_action_CH-SEO_,,+92 21 111 629 111,,,3661,"Pizza Restaurants Karachi, Pakistan"
Famous O's Pizza - KDA,+92 306 0241110,"16 & 17, Plot No. SB-1, Bldg, 2 Miran Mohammed Shah Rd, KDA Scheme 1, Karachi, 75280, Pakistan",,Yes,http://www.famousos.com/,,+92 306 0241110,info@famousos.com,,490,"Pizza Restaurants Karachi, Pakistan"
MICHIGAN PIZZA,+92 21 33377555,"Shop no HC_5 HC_6 BLOCK, 3CC AREA KCHS UNION, Bahadurabad BMCHS Sharafabad, Karachi, 07482, Pakistan",,Yes,https://www.foodpanda.pk/food-ordering?c=pk&s=s&vc=myvt&adj_t=1naixy2v_1nsybtos&adj_campaign=google_reserve_place_order_action_CH-SEO_&adj_deep_link=foodpanda%3A%2F%2F%3Fc%3Dpk%26s%3Ds%26vc%3Dmyvt&adj_fallback=https://foodpanda.pk/restaurant/myvt/michigan-pizza-bahadurabad?utm_campaign=google_reserve_place_order_action_CH-SEO_&adj_redirect_macos=https://foodpanda.pk/restaurant/myvt/michigan-pizza-bahadurabad?utm_campaign=google_reserve_place_order_action_CH-SEO_,,+92 21 33377555,,,78,"Pizza Restaurants Karachi, Pakistan"
"14th Street Pizza Co. | Khayaban-e-Nishat, DHA",+92 21 111 363 636,"3-C Nishat Lane-2, Khayaban-e-Nishat, D.H.A Phase 6 Phase 6 Defence Housing Authority, Karachi, 75500, Pakistan",,Yes,https://foodpanda.pk/restaurant/s5ge/14th-street-pizza-co-dha?utm_source=google&utm_medium=organic&utm_campaign=google_reserve_place_order_action,,+92 21 111 363 636,,,1546,"Pizza Restaurants Karachi, Pakistan"
pizza restaurant,+92 333 7829010,"C-29 D St, DHA Phase 5 Defence Housing Authority, Karachi, 75500, Pakistan",,No,,,+92 333 7829010,,,9,"Pizza Restaurants Karachi, Pakistan"
PIZZA PLUS PAKISTAN - Bahadurabad Branch,+92 311 1666008,"Dulara Residency Shop, main Street No. 7, beside Sunridge Bakery Dehli Rabri wali Gali, Bahadurabad BMCHS Sharafabad, Karachi, 75400, Pakistan",,Yes,http://www.pizzapluspakistan.com/,,+92 311 1666008,,,81,"Pizza Restaurants Karachi, Pakistan"
Pizza Nation پیتزا نیشن,+92 21 38892111,"Plot# A119, Block A, Al Mustafa Arcade, Ground Floor, Sindhi Muslim Cooperative Housing Society Block A Sindhi Muslim CHS (SMCHS), Karachi, 75350, Pakistan",,Yes,https://foodpanda.pk/restaurant/ix6v/pizza-nation-smchs?utm_source=google&utm_medium=organic&utm_campaign=google_reserve_place_order_action,,+92 21 38892111,,,147,"Pizza Restaurants Karachi, Pakistan"
Pizza zooom,+92 326 2284366,"restaurant, R29V+3VM Eidgah Road, takeaway, Karachi, 75500, Pakistan",,No,,,+92 326 2284366,,,4,"Pizza Restaurants Karachi, Pakistan"
Baba Pizza,+92 306 0222999,"Shahrah-e-Qaideen, Central Jacob Lines Block 1 Khudadad Colony, Karachi, Pakistan",,Yes,https://foodpanda.pk/restaurant/u0ns/baba-pizza?utm_source=google&utm_medium=organic&utm_campaign=google_reserve_place_order_action,,+92 306 0222999,,,335,"Pizza Restaurants Karachi, Pakistan"
Pizza Bistro - Gulshan-e-Iqbal,+92 336 2764092,"4/FL, 6, Block 4 Gulshan-e-Iqbal, Karachi, 75300, Pakistan",,Yes,https://www.foodpanda.pk/food-ordering?c=pk&s=s&vc=yxua&adj_t=1naixy2v_1nsybtos&adj_campaign=google_reserve_place_order_action_CH-SEO_&adj_deep_link=foodpanda%3A%2F%2F%3Fc%3Dpk%26s%3Ds%26vc%3Dyxua&adj_fallback=https://foodpanda.pk/restaurant/yxua/pizza-bistro-gulshan?utm_campaign=google_reserve_place_order_action_CH-SEO_&adj_redirect_macos=https://foodpanda.pk/restaurant/yxua/pizza-bistro-gulshan?utm_campaign=google_reserve_place_order_action_CH-SEO_,,+92 336 2764092,,,1203,"Pizza Restaurants Karachi, Pakistan"
Pizza King,+92 311 3303177,"Shop No. 4 Plot no. B-29/9, near Alnaz Biryani, Delhi Colony, Karachi, 75600, Pakistan",,No,,,+92 311 3303177,,,10,"Pizza Restaurants Karachi, Pakistan"
Pizza Taste Point,+92 315 4606102,"Plot GG5, near Iqra university, Dha phase 2 Phase 3 Defence View Housing Society, Karachi, 75500, Pakistan",,Yes,https://www.foodpanda.pk/food-ordering?c=pk&s=s&vc=eihe&adj_t=1naixy2v_1nsybtos&adj_campaign=google_reserve_place_order_action_CH-SEO_&adj_deep_link=foodpanda%3A%2F%2F%3Fc%3Dpk%26s%3Ds%26vc%3Deihe&adj_fallback=https://foodpanda.pk/restaurant/eihe/pizza-taste-point-eihe?utm_campaign=google_reserve_place_order_action_CH-SEO_&adj_redirect_macos=https://foodpanda.pk/restaurant/eihe/pizza-taste-point-eihe?utm_campaign=google_reserve_place_order_action_CH-SEO_,,+92 315 4606102,,,16,"Pizza Restaurants Karachi, Pakistan"
Pizza Munch - Gurumandir Branch,+92 21 111 888 883,"Usman Corner, Shop No.2, Amil Colony, Karachi, Pakistan",,Yes,https://www.foodpanda.pk/food-ordering?c=pk&s=s&vc=q07j&adj_t=1naixy2v_1nsybtos&adj_campaign=google_reserve_place_order_action_CH-SEO_&adj_deep_link=foodpanda%3A%2F%2F%3Fc%3Dpk%26s%3Ds%26vc%3Dq07j&adj_fallback=https://foodpanda.pk/restaurant/q07j/pizza-munch-gurumandir?utm_campaign=google_reserve_place_order_action_CH-SEO_&adj_redirect_macos=https://foodpanda.pk/restaurant/q07j/pizza-munch-gurumandir?utm_campaign=google_reserve_place_order_action_CH-SEO_,,+92 21 111 888 883,,,1065,"Pizza Restaurants Karachi, Pakistan"
The New York pizza,+92 21 111 697 697,"chs, Tariq Rd, Delhi Society Delhi CHS Karachi, Karachi City, Sindh 75400 Delhi, karachi, Delhi CHS Karachi, 75400, Pakistan",,Yes,http://nyp.com.pk/,,+92 21 111 697 697,"zarnosh.james@nyp.com.pk, zarnosh777@gmail.com",,56,"Pizza Restaurants Karachi, Pakistan"
Star pizza pakistan,14567249370,"25 C, D.H.A Phase II Extension Phase 2 Commercial Area Defence Housing Authority, Karachi, 75500, Pakistan",,No,,,14567249370,,,5,"Pizza Restaurants Karachi, Pakistan"
de pizzano,+92 318 2588631,"Mirza Adam Khan Rd, Soldier Bazaar Catholic Colony, Karachi, Pakistan",http://facebook.com/depizzano,No,,,+92 318 2588631,,,470,"Pizza Restaurants Karachi, Pakistan"
Pizza HABiT Delivery,+92 344 1590907,"D.H.A. Phase 4 Phase 4 Defence Housing Authority, Karachi, 75500, Pakistan",,No,,,+92 344 1590907,,,9,"Pizza Restaurants Karachi, Pakistan"
Chunks Pizza,+92 328 2828000,"Shop no 892, Block 2 P.E.C.H.S., Karachi, 74000, Pakistan",,Yes,https://chunkspizza.com.pk/,,+92 328 2828000,,,82,"Pizza Restaurants Karachi, Pakistan"
Bites n Slices Pizza,,"Garden, Alfred St, West, Karachi, 74550, Pakistan",,Yes,https://foodpanda.pk/restaurant/r83j/bites-n-slices-pizza?utm_source=google&utm_medium=organic&utm_campaign=google_reserve_place_order_action,,,,,44,"Pizza Restaurants Karachi, Pakistan"
New Kings & Queens Pizza Parlour Karachi,+92 21 34398383,"Shop no 45/1, Sana Karachi, Mohammad Ali Society Heaven Machs, Karachi, 75340, Pakistan",,Yes,https://www.foodpanda.pk/food-ordering?c=pk&s=s&vc=s8ry&adj_t=1naixy2v_1nsybtos&adj_campaign=google_reserve_place_order_action_CH-SEO_&adj_deep_link=foodpanda%3A%2F%2F%3Fc%3Dpk%26s%3Ds%26vc%3Ds8ry&adj_fallback=https://foodpanda.pk/restaurant/s8ry/new-kings-and-queens-machs?utm_campaign=google_reserve_place_order_action_CH-SEO_&adj_redirect_macos=https://foodpanda.pk/restaurant/s8ry/new-kings-and-queens-machs?utm_campaign=google_reserve_place_order_action_CH-SEO_,,+92 21 34398383,,,416,"Pizza Restaurants Karachi, Pakistan"
Cheesy Ocean,+92 332 3262326,"R685, Karachi, Federal B Area Block 15 Gulberg Town, Karachi, 75950, Pakistan",,Yes,https://wa.me/p/6382136051839153/923323262326,,+92 332 3262326,,,609,"Pizza Restaurants Karachi, Pakistan"
Pizza Inc.,+92 21 34374056,"HHS School System, Z37/38 Block 3 Modern CHS near, Modern Society P.E.C.H.S., Karachi, 75400, Pakistan",https://www.facebook.com/Pizzaincpakistan/app/117784394919914/,Yes,https://foodpanda.pk/restaurant/s0nj/pizza-inc?utm_source=google&utm_medium=organic&utm_campaign=google_reserve_place_order_action,,+92 21 34374056,,,105,"Pizza Restaurants Karachi, Pakistan"
Better With Cheddar - The Pizza Company,+92 329 2292786,"Shop number 1, Sadaf garden, Block 14 Gulistan-e-Johar, Karachi, Pakistan",https://www.instagram.com/betterwithcheddar25,Yes,https://www.foodpanda.pk/food-ordering?c=pk&s=s&vc=h1y8&adj_t=1naixy2v_1nsybtos&adj_campaign=google_reserve_place_order_action_CH-SEO_&adj_deep_link=foodpanda%3A%2F%2F%3Fc%3Dpk%26s%3Ds%26vc%3Dh1y8&adj_fallback=https://foodpanda.pk/restaurant/h1y8/better-with-cheddar-the-pizza-company?utm_campaign=google_reserve_place_order_action_CH-SEO_&adj_redirect_macos=https://foodpanda.pk/restaurant/h1y8/better-with-cheddar-the-pizza-company?utm_campaign=google_reserve_place_order_action_CH-SEO_,,+92 329 2292786,,,349,"Pizza Restaurants Karachi, Pakistan"
Pizza Crust,+92 21 111 127 878,"H-J، Center Plot، SB -10 Main University Rd, Gulshan 13-B Block 13 B Gulshan-e-Iqbal, Karachi, 75300, Pakistan",,Yes,https://pizzacrust.com.pk/deals.php,,+92 21 111 127 878,,,1055,"Pizza Restaurants Karachi, Pakistan"
pizza day night,+92 333 7173961,"Shop No 5, Rahat Commercial Lane 3, D.H.A Phase 6 Rahat Commercial Area Phase 6 Defence Housing Authority, Karachi, 75500, Pakistan",,Yes,http://www.daynightpizza.biz/,,+92 333 7173961,,,191,"Pizza Restaurants Karachi, Pakistan"
Pizza Creations,+92 308 6667222,"Chakiwara Rd, near Shell Petrol Pump, Chakiwara Gul Muhammadi Line, Karachi, 75660, Pakistan","https://www.facebook.com/brand/resources/whatsapp/whatsapp-brand, https://www.facebook.com/profile.php?id=100064758844406, https://www.instagram.com/whatsapp/?hl=en, https://www.youtube.com/channel/UCAuerig2N-RZWJT8x75V9yw, https://x.com/whatsapp",Yes,https://wa.me/c/923086667222,,+92 308 6667222,,,376,"Pizza Restaurants Karachi, Pakistan"
Pizza Hut,+92 21 111 241 241,"249, Ground Floor, Staff Lines, Zaibunnisa Street, Atrium Mall, Saddar, Karachi Atrium Mall, Karachi Cantonment, Karachi, Pakistan",,No,,,+92 21 111 241 241,,,674,"Pizza Restaurants Karachi, Pakistan"
PIZZA MORSEL BY CAKEBITES,+92 317 1195469,"Shahrah-e-Jahangir Rd, Block H North Nazimabad Town, Karachi, 74600, Pakistan","http://www.facebook.com/pizzamorsel, https://www.facebook.com/pizzamorsel.pk, https://www.facebook.com/pizzamorsel.pk/, https://www.facebook.com/pizzamorsel.pk//, https://www.facebook.com/pizzamorselgulshan/, https://www.instagram.com/pizzamorsel.pk, https://www.wix.com/lpviral/enviral?utm_campaign=vir_wixad_live&adsVersion=banner_2024&orig_msid=aa99f552-cce6-4d9b-96f0-a304175f7068&orig_msid=cc339494-2bd2-4182-a3b6-efba8175eec9&adsVersion=banner_2024",Yes,https://pizzamorsel.wixsite.com/cakebites,https://pizzamorsel.wixsite.com/cakebites/blank-1,+92 317 1195469,"core-js-bundle@3.2.1, focus-within-polyfill@5.0.9, intl-segmenter@11.7.10, lodash@4.17.23, pizzamorsel@gmail.com, react-dom@18.3.1, react@18.3.1, rspack@1.6.8",,65,"Pizza Restaurants Karachi, Pakistan"
Pizza.com Defence,2830996491,"65c 12th Commercial St, D.H.A. Phase 2 Phase 2 Commercial Area Defence Housing Authority, Karachi, 75500, Pakistan",,No,,,2830996491,,,4,"Pizza Restaurants Karachi, Pakistan"
PIZZA NOVA,+92 320 1294177,"Plot R 682, Block 3, Near HEF School, Federal B Area, Hussainabad Karimabad Block 3 Gulberg Town, Karachi, Pakistan",https://www.facebook.com/pizzaynova/,No,,,+92 320 1294177,,,34,"Pizza Restaurants Karachi, Pakistan"
Pizza Station,+92 316 4433553,"Shop No.1 & 2 Plot No. Ls/13, ST-23, NO.3 1/12, Area 37/C Sector 37 C Landhi Town, Karachi, Pakistan","http://www.facebook.com/pizzastationpk, http://www.facebook.com/pizzastationpk/menu",No,,,+92 316 4433553,,,793,"Pizza Restaurants Karachi, Pakistan"
Dixy Pizza,+92 311 1824111,"V2FJ+V64, Shop # 02 Saghar Manzil Bahaduryar Jung Road, Clayton Rd, Soldier Bazaar Parsi Colony Saddar, Karachi, Pakistan",,No,,,+92 311 1824111,,,26,"Pizza Restaurants Karachi, Pakistan"
Pizza Warrior,+92 21 34578888,"Pizza Warrior Nhs, Phase 01, Karachi, Pakistan",https://www.facebook.com/PizzaWarri0r,No,,,+92 21 34578888,,,299,"Pizza Restaurants Karachi, Pakistan"
Pizza Spice,+92 304 1111225,"B273, near Serena mobile market, Block N North Nazimabad Town, Karachi, Pakistan",https://www.facebook.com/PizzaSpice/menu/?id=100064575796815&sk=menu,Yes,https://foodpanda.pk/restaurant/os6c/pizza-spice?utm_source=google&utm_medium=organic&utm_campaign=google_reserve_place_order_action,,+92 304 1111225,,,5054,"Pizza Restaurants Karachi, Pakistan"
Pizza Day Night,+92 310 0003635,"Shop No B-4, Gulshan-e-Ali, Phase 2, Federal B Area Naseerabad Block 7 Gulberg Town, Karachi, 75300, Pakistan",,Yes,https://foodpanda.pk/restaurant/t9pl/pizza-day-night-fb-area?utm_source=google&utm_medium=organic&utm_campaign=google_reserve_place_order_action,,+92 310 0003635,,,903,"Pizza Restaurants Karachi, Pakistan"
Pizza Fast,+92 21 32534747,"VX4W+MFR, Atmaram Pritamdas Rd, Dharamsala Hameedabad, Karachi, 74500, Pakistan",https://www.facebook.com/Pizzafast01,No,,,+92 21 32534747,,,210,"Pizza Restaurants Karachi, Pakistan"
Penny Pizza,024.9315519,"C 138, F.B Area Block 6 Block 6 Gulberg Town, Karachi, 75950, Pakistan",https://www.facebook.com/pennypizzaofficial?mibextid=ZbWKwL,Yes,http://pennypizza.pk/,,024.9315519,,,1282,"Pizza Restaurants Karachi, Pakistan"
Pizza Kinng,+92 315 2041614,"Malir Cantt. Rd, Malir Cantonment, Karachi, Pakistan",,Yes,http://www.pizzakinng.com/,,+92 315 2041614,,,1244,"Pizza Restaurants Karachi, Pakistan"
Cheeso Pizza Karachi,+92 339 4214110,"Cheeso Pizza Karachi, Shop #1 Plot CM-15, Block 2 Block 1/1 Metrovil Colony, Karachi, 75330, Pakistan",,Yes,https://www.foodpanda.pk/food-ordering?c=pk&s=s&vc=o5br&adj_t=1naixy2v_1nsybtos&adj_campaign=google_reserve_place_order_action_CH-SEO_&adj_deep_link=foodpanda%3A%2F%2F%3Fc%3Dpk%26s%3Ds%26vc%3Do5br&adj_fallback=https://foodpanda.pk/restaurant/o5br/cheeso-pizza-karachi?utm_campaign=google_reserve_place_order_action_CH-SEO_&adj_redirect_macos=https://foodpanda.pk/restaurant/o5br/cheeso-pizza-karachi?utm_campaign=google_reserve_place_order_action_CH-SEO_,,+92 339 4214110,,,14,"Pizza Restaurants Karachi, Pakistan"
Pizza House & fast food,+92 324 3400940,"V287+MMX, Moosa jee St, Ramswamy Ramswami, Karachi, Pakistan",,No,,,+92 324 3400940,,,81,"Pizza Restaurants Karachi, Pakistan"
BLACK STAR PIZZA,+92 335 9215921,"Suleman lodge, Shop no 2, Main University Rd, Block 13 A Gulshan-e-Iqbal, Karachi, 75300, Pakistan",,Yes,https://www.foodpanda.pk/food-ordering?c=pk&s=s&vc=nle7&adj_t=1naixy2v_1nsybtos&adj_campaign=google_reserve_place_order_action_CH-SEO_&adj_deep_link=foodpanda%3A%2F%2F%3Fc%3Dpk%26s%3Ds%26vc%3Dnle7&adj_fallback=https://foodpanda.pk/restaurant/nle7/black-star-pizza-and-soda?utm_campaign=google_reserve_place_order_action_CH-SEO_&adj_redirect_macos=https://foodpanda.pk/restaurant/nle7/black-star-pizza-and-soda?utm_campaign=google_reserve_place_order_action_CH-SEO_,,+92 335 9215921,,,61,"Pizza Restaurants Karachi, Pakistan"
Beef Smash,+92 332 2200676,"101, Plot No. D, Shop, 4, Delhi Mercantile Society Block 3, Karachi, 75100, Pakistan",,Yes,https://www.foodpanda.pk/food-ordering?c=pk&s=s&vc=fd9w&adj_t=1naixy2v_1nsybtos&adj_campaign=google_reserve_place_order_action_CH-SEO_&adj_deep_link=foodpanda%3A%2F%2F%3Fc%3Dpk%26s%3Ds%26vc%3Dfd9w&adj_fallback=https://foodpanda.pk/restaurant/fd9w/beef-smash-shaheed-e-millat-fd9w?utm_campaign=google_reserve_place_order_action_CH-SEO_&adj_redirect_macos=https://foodpanda.pk/restaurant/fd9w/beef-smash-shaheed-e-millat-fd9w?utm_campaign=google_reserve_place_order_action_CH-SEO_,,+92 332 2200676,,,1735,"Burger Restaurants Karachi, Pakistan"
Builder Burger,+92 333 3430441,"D.H.A Phase 6 Nishat Commercial Area Phase 6 Defence Housing Authority, Karachi, 75500, Pakistan",https://www.instagram.com/s/aGlnaGxpZ2h0OjE4MTM0NTE1MTc0NDE2MDEz?story_media_id=3625788116555784051_32795393628&igsh=MWppdThqNGc0NjVpMg==,Yes,https://foodpanda.pk/restaurant/ezqt/builder-burger?utm_source=google&utm_medium=organic&utm_campaign=google_reserve_place_order_action,,+92 333 3430441,,,270,"Burger Restaurants Karachi, Pakistan"
8oz - Khayaban e Shahbaz,+92 335 0809809,"Ground floor plot 50-C, Main Khayaban-e-Shahbaz, D.H.A Phase 6 Shahbaz Commercial Area Phase 6 Defence Housing Authority, Karachi, 75500, Pakistan",,Yes,http://www.8oz.com.pk/,,+92 335 0809809,zsfoods08@gmail.com,,2028,"Burger Restaurants Karachi, Pakistan"
